cs,tt
42439583,343.0
42439583,371.0
42439583,287.0
42439583,251.0
42439583,276.0
42439583,189.0
42439583,29.0
42439583,74.0
42439583,160.0
42439583,196.0
42439583,387.0
42439583,473.0
42439583,314.0
42439583,484.0
42439583,467.0
42439583,475.0
42439583,453.0
42439583,298.0
42439583,364.0
42439583,72.0
42439583,157.0
42439583,210.0
42439583,360.0
42439583,380.0
42439583,405.0
42439583,241.0
42439583,179.0
42439583,432.0
42439583,176.0
42439583,421.0
42439583,159.0
42439583,131.0
42439583,141.0
42439583,247.0
42439583,411.0
42439583,219.0
42439583,178.0
42439583,456.0
42439583,275.0
42439583,517.0
42439583,251.0
42439583,267.0
42439583,250.0
42439583,562.0
42439583,601.0
42439583,611.0
42439583,415.0
42439583,173.0
42439583,206.0
42439583,318.0
42439583,197.0
42439583,44.0
42439583,254.0
42439583,148.0
42439583,346.0
42439583,257.0
42439583,373.0
42439583,342.0
42439583,223.0
42439583,196.0
42439583,213.0
42439583,128.0
42439583,235.0
42439583,483.0
42439583,470.0
42439583,572.0
42439583,344.0
42439583,383.0
42439583,271.0
42439583,407.0
42439583,452.0
42439583,477.0
42439583,480.0
42439583,498.0
42439583,322.0
42439583,463.0
42439583,426.0
42439583,411.0
42439583,314.0
42439583,395.0
42439583,379.0
42439583,368.0
42439583,382.0
42439583,353.0
42439583,326.0
42439583,222.0
42439583,245.0
42439583,259.0
42439583,268.0
42439583,312.0
42439583,383.0
42439583,354.0
42439583,240.0
42439583,280.0
42439583,449.0
42439583,470.0
42439583,499.0
42439583,550.0
42439583,523.0
42439583,549.0
42439583,354.0
42439583,308.0
42439583,649.0
42439583,534.0
42439583,443.0
42439583,542.0
42439583,380.0
42439583,402.0
42439583,337.0
42439583,354.0
42439583,342.0
42439583,335.0
42439583,430.0
42439583,440.0
42439583,166.0
42439583,367.0
42439583,193.0
42439583,343.0
42439583,290.0
42439583,218.0
42439583,86.0
42439583,58.0
42439583,0.0
42439583,393.0
42439583,506.0
42439583,327.0
42439583,171.0
42439583,426.0
42439583,152.0
42439583,429.0
42439583,120.0
42439583,108.0
42439583,208.0
42439583,196.0
42439583,474.0
42439583,415.0
42439583,443.0
42439583,455.0
42439583,477.0
42439583,400.0
42439583,377.0
42439583,446.0
42439583,387.0
42439583,473.0
42439583,398.0
42439583,537.0
42439583,372.0
42431467,406.0
42431467,328.0
42431467,461.0
42431467,350.0
42431467,534.0
42431467,254.0
42431467,344.0
42431467,515.0
42431467,541.0
42431467,394.0
42431467,176.0
42431467,368.0
42431467,517.0
42431467,295.0
42431467,92.0
42431467,258.0
42431467,337.0
42431467,489.0
42431467,544.0
42431467,420.0
42431467,594.0
42431467,451.0
42431467,380.0
42431467,540.0
42431467,532.0
42431467,546.0
42431467,573.0
42431467,350.0
42431467,378.0
42431467,325.0
42431467,413.0
42431467,237.0
42431467,266.0
42431467,559.0
42431467,414.0
42431467,311.0
42431467,563.0
42431467,708.0
42431467,509.0
42431467,453.0
42431467,407.0
42431467,374.0
42431467,468.0
42431467,670.0
42431467,456.0
42431467,432.0
42431467,87.0
42431467,479.0
42431467,371.0
42431467,294.0
42431467,239.0
42431467,431.0
42431467,486.0
42431467,521.0
42431467,381.0
42431467,488.0
42431467,461.0
42431467,415.0
42431467,460.0
42431467,315.0
42431467,513.0
42431467,548.0
42431467,400.0
42431467,598.0
42431467,636.0
42431467,366.0
42431467,356.0
42431467,154.0
42431467,248.0
42431467,567.0
42431467,330.0
42431467,528.0
42431467,629.0
42431467,415.0
42431467,650.0
42431467,345.0
42431467,1080.0
42431467,1250.0
42431467,470.0
42431467,610.0
42431467,488.0
42431467,519.0
42431467,1017.0
42431467,637.0
42431467,470.0
42431467,321.0
42431467,567.0
42431467,310.0
42431467,371.0
42431467,398.0
42431467,425.0
42431467,452.0
42431467,595.0
42431467,463.0
42431467,485.0
42431467,552.0
42431467,539.0
42431467,494.0
42431467,1009.0
42431467,617.0
42431467,390.0
42431467,433.0
42431467,288.0
42431467,267.0
42431467,125.0
42431467,211.0
42431467,396.0
42431467,434.0
42431467,293.0
42431467,345.0
42431467,514.0
42431467,962.0
42431467,252.0
42431467,553.0
42431467,378.0
42431467,170.0
42431467,1255.0
42431467,692.0
42431467,481.0
42431467,437.0
42431467,426.0
42431467,566.0
42431467,30.0
42431467,465.0
42431467,496.0
42431467,374.0
42431467,369.0
42431467,296.0
42431467,212.0
42431467,316.0
42431467,576.0
42431467,403.0
42431467,497.0
42431467,185.0
42431467,281.0
42431467,545.0
42431467,643.0
42431467,486.0
42431467,421.0
42431467,342.0
42431467,346.0
42431467,517.0
42431467,367.0
42431467,606.0
42431467,317.0
42431467,287.0
42431467,582.0
42431467,338.0
42431467,398.0
42431467,452.0
42431467,208.0
42431467,517.0
42431467,0.0
42431467,714.0
42431467,59.0
42431467,439.0
42431467,728.0
42431467,1336.0
42431467,582.0
42431467,370.0
42431467,650.0
42431467,665.0
42433243,1425.0
42433243,115.0
42433243,116.0
42433243,122.0
42433243,195.0
42433243,168.0
42433243,144.0
42433243,110.0
42433243,76.0
42433243,215.0
42433243,54.0
42433243,106.0
42433243,50.0
42433243,33.0
42433243,11.0
42433243,145.0
42433243,237.0
42433243,54.0
42433243,94.0
42433243,1624.0
42433243,152.0
42433243,33.0
42433243,140.0
42433243,77.0
42433243,114.0
42433243,94.0
42433243,192.0
42433243,146.0
42433243,41.0
42433243,201.0
42433243,180.0
42433243,276.0
42433243,0.0
42433243,737.0
42433243,172.0
42433243,60.0
42433243,210.0
42433243,191.0
42433243,230.0
42433243,170.0
42433243,90.0
42433243,168.0
42433243,135.0
42433243,544.0
42435237,528.0
42435237,433.0
42435237,173.0
42435237,193.0
42435237,402.0
42435237,347.0
42435237,0.0
42435237,79.0
42435237,253.0
42435237,127.0
42435237,92.0
42435237,60.0
42435237,322.0
42435237,445.0
42435237,163.0
42435237,30.0
42435237,455.0
42435237,176.0
42435237,207.0
42435237,126.0
42435237,195.0
42435237,189.0
42435237,420.0
42436779,226.0
42436779,141.0
42436779,290.0
42436779,114.0
42436779,196.0
42436779,304.0
42436779,272.0
42436779,205.0
42436779,207.0
42436779,140.0
42436779,285.0
42436779,112.0
42436779,298.0
42436779,313.0
42436779,324.0
42436779,169.0
42436779,223.0
42436779,167.0
42436779,84.0
42436779,141.0
42436779,313.0
42436779,253.0
42436779,210.0
42436779,271.0
42436779,283.0
42436779,224.0
42436779,227.0
42436779,204.0
42436779,199.0
42436779,140.0
42436779,232.0
42436779,142.0
42436779,176.0
42436779,270.0
42436779,237.0
42436779,214.0
42436779,227.0
42436779,113.0
42436779,0.0
42436779,201.0
42436779,173.0
42436779,144.0
42436779,175.0
42436779,59.0
42436779,169.0
42436779,415.0
42436779,359.0
42436779,118.0
42436779,138.0
42436779,171.0
42436779,185.0
42436779,244.0
42436779,109.0
42436779,332.0
42436779,338.0
42436779,110.0
42436779,202.0
42436779,137.0
42436779,52.0
42436779,321.0
42436779,191.0
42436779,393.0
42436779,225.0
42436779,243.0
42436779,222.0
42436779,365.0
42436779,341.0
42436779,338.0
42436779,28.0
42436779,170.0
42436779,195.0
42436779,205.0
42436779,312.0
42436779,388.0
42436779,86.0
42428468,332.0
42428468,314.0
42428468,232.0
42428468,255.0
42428468,352.0
42428468,29.0
42428468,186.0
42428468,85.0
42428468,57.0
42428468,114.0
42428468,85.0
42428468,104.0
42428468,221.0
42428468,213.0
42428468,423.0
42428468,238.0
42428468,113.0
42428468,488.0
42428468,358.0
42428468,251.0
42428468,177.0
42428468,265.0
42428468,390.0
42428468,295.0
42428468,260.0
42428468,204.0
42428468,234.0
42428468,113.0
42428468,171.0
42428468,142.0
42428468,142.0
42428468,0.0
42428468,76.0
42428468,24.0
42428468,49.0
42428468,286.0
42428468,223.0
42428468,76.0
42428468,192.0
42428468,316.0
42428468,177.0
42428468,258.0
42428468,104.0
42428468,68.0
42428468,379.0
42428468,320.0
42428468,158.0
42428468,150.0
42428468,223.0
42428468,155.0
42428468,301.0
42428468,257.0
42428468,192.0
42428468,164.0
42428468,356.0
42428468,285.0
42428468,363.0
42428468,149.0
42428468,316.0
42428468,201.0
42428468,121.0
42428468,227.0
42428468,131.0
42428468,258.0
42428468,284.0
42428468,301.0
42428468,316.0
42428468,205.0
42428468,126.0
42428468,364.0
42428468,253.0
42428468,164.0
42428468,387.0
42428468,137.0
42428468,273.0
42428468,301.0
42432444,407.0
42432444,342.0
42432444,267.0
42432444,284.0
42432444,191.0
42432444,107.0
42432444,383.0
42432444,194.0
42432444,357.0
42432444,674.0
42432444,155.0
42432444,278.0
42432444,404.0
42432444,119.0
42432444,81.0
42432444,165.0
42432444,147.0
42432444,106.0
42432444,392.0
42432444,220.0
42432444,352.0
42432444,238.0
42432444,215.0
42432444,390.0
42432444,430.0
42432444,699.0
42432444,705.0
42432444,826.0
42432444,327.0
42432444,309.0
42432444,252.0
42432444,319.0
42432444,280.0
42432444,357.0
42432444,378.0
42432444,358.0
42432444,431.0
42432444,482.0
42432444,267.0
42432444,252.0
42432444,229.0
42432444,365.0
42432444,371.0
42432444,422.0
42432444,185.0
42432444,537.0
42432444,140.0
42432444,233.0
42432444,234.0
42432444,262.0
42432444,247.0
42432444,428.0
42432444,211.0
42432444,371.0
42432444,991.0
42432444,496.0
42432444,23.0
42432444,290.0
42432444,265.0
42432444,45.0
42432444,317.0
42432444,66.0
42432444,424.0
42432444,479.0
42432444,539.0
42432444,401.0
42432444,478.0
42432444,569.0
42432444,507.0
42432444,420.0
42432444,450.0
42432444,362.0
42432444,233.0
42432444,855.0
42432444,594.0
42432444,329.0
42432444,261.0
42432444,342.0
42432444,263.0
42432444,862.0
42432444,284.0
42432444,160.0
42432444,192.0
42432444,222.0
42432444,289.0
42432444,186.0
42432444,412.0
42432444,768.0
42432444,429.0
42432444,421.0
42432444,352.0
42432444,272.0
42432444,336.0
42432444,223.0
42432444,309.0
42432444,215.0
42432444,348.0
42432444,283.0
42432444,117.0
42432444,309.0
42432444,217.0
42432444,269.0
42432444,269.0
42432444,333.0
42432444,371.0
42432444,290.0
42432444,321.0
42432444,256.0
42432444,228.0
42432444,177.0
42432444,129.0
42432444,195.0
42432444,205.0
42432444,127.0
42432444,112.0
42432444,173.0
42432444,86.0
42432444,87.0
42432444,121.0
42432444,99.0
42432444,255.0
42432444,248.0
42432444,727.0
42432444,380.0
42432444,360.0
42432444,202.0
42432444,340.0
42432444,207.0
42432444,137.0
42432444,223.0
42432444,137.0
42432444,184.0
42432444,311.0
42432444,296.0
42432444,427.0
42432444,442.0
42432444,316.0
42432444,413.0
42432444,472.0
42432444,384.0
42432444,641.0
42432444,239.0
42432444,371.0
42432444,507.0
42432444,336.0
42432444,414.0
42432444,296.0
42432444,252.0
42432444,337.0
42432444,221.0
42432444,267.0
42432444,316.0
42432444,345.0
42432444,338.0
42432444,820.0
42432444,346.0
42432444,313.0
42432444,364.0
42432444,378.0
42432444,233.0
42432444,163.0
42432444,0.0
42432444,488.0
42432444,196.0
42432444,549.0
42432444,101.0
42432444,431.0
42432444,514.0
42432444,148.0
42432444,227.0
42432444,332.0
42432444,778.0
42432444,362.0
42432444,166.0
42432444,373.0
42432444,249.0
42432444,365.0
42432444,607.0
42432444,540.0
42432444,292.0
42432444,308.0
42432444,230.0
42432444,380.0
42432444,382.0
42432444,756.0
42432444,300.0
42432444,301.0
42432444,367.0
42432444,316.0
42434271,190.0
42434271,230.0
42434271,188.0
42434271,131.0
42434271,339.0
42434271,471.0
42434271,183.0
42434271,185.0
42434271,128.0
42434271,376.0
42434271,373.0
42434271,220.0
42434271,319.0
42434271,404.0
42434271,233.0
42434271,417.0
42434271,460.0
42434271,292.0
42434271,376.0
42434271,434.0
42434271,633.0
42434271,227.0
42434271,319.0
42434271,288.0
42434271,347.0
42434271,480.0
42434271,162.0
42434271,368.0
42434271,265.0
42434271,250.0
42434271,157.0
42434271,0.0
42434271,596.0
42434271,101.0
42434271,420.0
42434271,462.0
42434271,254.0
42434271,238.0
42434271,393.0
42434271,210.0
42434271,400.0
42434271,158.0
42444916,331.0
42444916,322.0
42444916,368.0
42444916,474.0
42444916,387.0
42444916,397.0
42444916,426.0
42444916,504.0
42444916,225.0
42444916,554.0
42444916,344.0
42444916,529.0
42444916,513.0
42444916,359.0
42444916,311.0
42444916,210.0
42444916,101.0
42444916,209.0
42444916,300.0
42444916,533.0
42444916,611.0
42444916,155.0
42444916,323.0
42444916,247.0
42444916,619.0
42444916,511.0
42444916,236.0
42444916,397.0
42444916,273.0
42444916,611.0
42444916,299.0
42444916,328.0
42444916,441.0
42444916,642.0
42444916,241.0
42444916,358.0
42444916,129.0
42444916,230.0
42444916,178.0
42444916,240.0
42444916,778.0
42444916,403.0
42444916,151.0
42444916,284.0
42444916,360.0
42444916,305.0
42444916,382.0
42444916,180.0
42444916,339.0
42444916,0.0
42444916,364.0
42444916,205.0
42444916,183.0
42444916,286.0
42444916,341.0
42444916,267.0
42444916,307.0
42444916,124.0
42444916,260.0
1773063789,878.0
1773063789,166.0
1773063789,217.0
1773063789,192.0
1773063789,256.0
1773063789,295.0
1773063789,275.0
1773063789,305.0
1773063789,322.0
1773063789,438.0
1773063789,485.0
1773063789,307.0
1773063789,541.0
1773063789,554.0
1773063789,600.0
1773063789,326.0
1773063789,240.0
1773063789,224.0
1773063789,208.0
1773063789,163.0
1773063789,282.0
1773063789,264.0
1773063789,384.0
1773063789,228.0
1773063789,186.0
1773063789,351.0
1773063789,75.0
1773063789,315.0
1773063789,56.0
1773063789,88.0
1773063789,198.0
1773063789,189.0
1773063789,630.0
1773063789,195.0
1773063789,0.0
1773063789,342.0
1773063789,619.0
1773063789,287.0
1773063789,297.0
1773063789,247.0
1773063789,112.0
1773063789,169.0
1773063789,670.0
1773063789,150.0
1773063789,689.0
1773063789,311.0
1773063789,330.0
1773063789,254.0
1773063789,281.0
1773063789,197.0
1773063789,233.0
1773063789,528.0
1773063789,255.0
1773063789,261.0
1773063789,345.0
1773063789,319.0
1773063789,298.0
1773063789,246.0
1773063789,216.0
1773063789,340.0
1773063789,312.0
1773063789,140.0
1773063789,182.0
1773063789,202.0
1773063789,55.0
1773063789,108.0
1773063789,155.0
1773063789,326.0
1773063789,585.0
1773063789,594.0
1773063789,419.0
1773063789,214.0
1773063789,207.0
1773063789,138.0
1773063789,181.0
1773063789,207.0
1773063789,406.0
1773063789,352.0
1773063789,235.0
1773063789,186.0
1773063789,201.0
1773063789,612.0
1773063789,157.0
1773063789,262.0
1773063789,284.0
1773063789,336.0
1773063789,334.0
1773063789,310.0
1773063789,339.0
1773063789,349.0
1773063789,420.0
1773063789,305.0
1773063789,525.0
1773063789,513.0
1773063789,304.0
1773063789,588.0
1773063789,296.0
1773063789,639.0
1773063789,289.0
1773063789,325.0
1773063789,164.0
1773063789,143.0
1773063789,392.0
1773063789,285.0
1773063789,83.0
1773063789,197.0
1773063789,137.0
1773063789,235.0
1773063789,235.0
1773063789,29.0
1773063789,298.0
1773063789,260.0
1773063789,805.0
1773063789,277.0
1773063789,223.0
1773063789,161.0
1773063789,296.0
1773063789,113.0
1773063789,148.0
1773063789,105.0
1773063789,330.0
1773063789,155.0
1773063789,361.0
1773063789,235.0
1773063789,267.0
1773063789,750.0
2141026510,735.0
2141026510,539.0
2141026510,277.0
2141026510,28.0
2141026510,575.0
2141026510,704.0
2141026510,700.0
2141026510,697.0
2141026510,725.0
2141026510,730.0
2141026510,661.0
2141026510,461.0
2141026510,675.0
2141026510,575.0
2141026510,671.0
2141026510,709.0
2141026510,640.0
2141026510,908.0
2141026510,557.0
2141026510,628.0
2141026510,273.0
2141026510,610.0
2141026510,596.0
2141026510,663.0
2141026510,519.0
2141026510,103.0
2141026510,446.0
2141026510,391.0
2141026510,424.0
2141026510,460.0
2141026510,479.0
2141026510,496.0
2141026510,549.0
2141026510,529.0
2141026510,725.0
2141026510,707.0
2141026510,242.0
2141026510,590.0
2141026510,161.0
2141026510,309.0
2141026510,393.0
2141026510,598.0
2141026510,566.0
2141026510,617.0
2141026510,653.0
2141026510,663.0
2141026510,763.0
2141026510,635.0
2141026510,245.0
2141026510,510.0
2141026510,557.0
2141026510,112.0
2141026510,56.0
2141026510,169.0
2141026510,331.0
2141026510,538.0
2141026510,516.0
2141026510,19.0
2141026510,74.0
2141026510,204.0
2141026510,187.0
2141026510,152.0
2141026510,464.0
2141026510,127.0
2141026510,37.0
2141026510,393.0
2141026510,94.0
2141026510,374.0
2141026510,205.0
2141026510,576.0
2141026510,0.0
2141026510,148.0
2141026510,260.0
2141026510,429.0
2141026510,279.0
2141026510,496.0
2141026510,448.0
2141026510,557.0
2141026510,132.0
2141026510,223.0
2141026510,169.0
2141026510,349.0
2141026510,454.0
2141026510,297.0
2141026510,312.0
2141026510,233.0
2141026510,297.0
2141026510,482.0
2141026510,481.0
2141026510,93.0
2141026510,195.0
2141026510,355.0
2141026510,411.0
2141026510,150.0
2141026510,114.0
2141026510,224.0
2141026510,522.0
2141026510,595.0
2141026510,241.0
2141026510,215.0
2141026510,202.0
2141026510,711.0
2141026510,191.0
2141026510,84.0
2141026510,306.0
2141026510,347.0
2141026510,305.0
2141026510,410.0
2141026510,347.0
2141026510,394.0
2141026510,813.0
2141026510,790.0
2141026510,770.0
2141026510,790.0
2141026510,736.0
2141026510,754.0
2141026510,700.0
2141026510,718.0
2141026510,665.0
2141026510,684.0
2141026510,629.0
2141026510,648.0
2141026510,604.0
2141026510,605.0
2141026510,585.0
2141026510,544.0
2141026510,466.0
2141026510,515.0
2141026510,479.0
2141026510,563.0
2141026510,104.0
2141026510,1373.0
2141026510,794.0
2141026510,560.0
2141026510,120.0
2141026510,523.0
2141026510,581.0
2141026510,95.0
2141026510,497.0
2141026510,665.0
2141026510,120.0
2141026510,599.0
2141026510,171.0
2141026510,682.0
2141026510,178.0
2141026510,698.0
2141026510,557.0
2141026510,623.0
2141026510,617.0
2141026510,196.0
2141026510,864.0
2141026510,222.0
2141026510,159.0
2141026510,240.0
2141026510,217.0
2141026510,635.0
2141026510,305.0
2141026510,240.0
2141026510,262.0
2141026510,283.0
2141026510,305.0
2141026510,584.0
2141026510,586.0
2141026510,569.0
2141026510,467.0
2141026510,540.0
2141026510,543.0
2141026510,536.0
2141026510,396.0
2141026510,418.0
2141026510,497.0
2141026510,466.0
2141026510,418.0
2141026510,488.0
2141026510,510.0
2141026510,533.0
2141026510,407.0
2141026510,397.0
2141026510,578.0
2141026510,554.0
2141026510,413.0
2141026510,656.0
2141026510,431.0
2141026510,388.0
2141026510,449.0
2141026510,633.0
2141026510,467.0
2141026510,485.0
2141026510,483.0
2141026510,501.0
2141026510,793.0
2141026510,299.0
2141026510,276.0
2141026510,522.0
2141026510,534.0
2141026510,269.0
2141026510,309.0
2141026510,701.0
2141026510,258.0
2141026510,573.0
2141026510,533.0
2141026510,727.0
2141026510,548.0
2141026510,680.0
2141026510,252.0
2141026510,617.0
2141026510,574.0
2141026510,565.0
2141026510,604.0
2141026510,226.0
2141026510,595.0
2141026510,678.0
2141026510,274.0
2141026510,740.0
2141026510,329.0
2141026510,666.0
2141026510,180.0
2141026510,752.0
2141026510,655.0
2141026510,340.0
2141026510,598.0
2141026510,837.0
2141026510,514.0
2141026510,666.0
2141026510,866.0
2141026510,786.0
2141026510,284.0
2141026510,813.0
2141026510,662.0
2141026510,845.0
2141026510,824.0
2141026510,804.0
2141026510,689.0
2141026510,791.0
2141026510,770.0
2141026510,749.0
2141026510,727.0
2141026510,706.0
2141026510,685.0
2141026510,319.0
2141026510,664.0
2141026510,280.0
2141026510,666.0
2141026510,188.0
2141026510,577.0
2141026510,621.0
2141026510,642.0
2141026510,621.0
2141026510,1167.0
2141026510,134.0
2141026510,487.0
2141026510,510.0
2141026510,909.0
2141026510,271.0
2141026510,465.0
2141026510,376.0
2141026510,675.0
2141026510,307.0
2141026510,225.0
2141026510,198.0
2141026510,755.0
2141026510,239.0
2141026510,848.0
2141026510,346.0
2141026510,699.0
2141026510,678.0
2141026510,656.0
2141026510,635.0
2141026510,475.0
2141026510,614.0
2141026510,481.0
2141026510,460.0
2141026510,438.0
2141026510,417.0
2141026510,396.0
2141026510,327.0
2141026510,306.0
2141026510,292.0
2141026510,458.0
2141026510,396.0
2141026510,487.0
2141026510,510.0
2141026510,512.0
2141026510,208.0
2141026510,549.0
2141026510,490.0
2141026510,604.0
2141026510,645.0
2141026510,272.0
2141026510,566.0
2141026510,582.0
2141026510,442.0
2141026510,502.0
2141026510,509.0
2141026510,567.0
2141026510,611.0
2141026510,744.0
2141026510,720.0
2141026510,307.0
2141026510,877.0
2141026510,882.0
2141026510,611.0
2141026510,901.0
2141026510,515.0
2141026510,768.0
2141026510,391.0
2141026510,469.0
2141026510,251.0
2141026510,336.0
2141026510,407.0
2141026510,572.0
2141026510,392.0
2141026510,828.0
2141026510,359.0
2141026510,405.0
2141026510,452.0
2141026510,498.0
2141026510,296.0
2141026510,281.0
2141026510,877.0
2141026510,260.0
2141026510,815.0
2141026510,125.0
2141026510,345.0
2141026510,66.0
2141026510,84.0
2141026510,218.0
2141026510,461.0
2141026510,47.0
2141026510,772.0
2141026510,197.0
2141026510,65.0
2141026510,174.0
2141026510,102.0
2141026510,123.0
2141026510,197.0
2141026510,665.0
2141026510,143.0
2141026510,621.0
2141026510,726.0
2141026510,713.0
2141026510,178.0
2141026510,202.0
2141026510,196.0
2141026510,214.0
2141026510,575.0
2141026510,184.0
2141026510,209.0
2141026510,307.0
2141026510,194.0
2141026510,327.0
2141026510,346.0
2141026510,714.0
2141026510,383.0
2141026510,216.0
2141026510,208.0
2141026510,419.0
2141026510,185.0
2141026510,539.0
2141026510,556.0
2141026510,514.0
2141026510,437.0
2141026510,416.0
2141026510,230.0
2141026510,455.0
2141026510,504.0
2141026510,251.0
2141026510,473.0
2141026510,879.0
2141026510,314.0
2141026510,511.0
2141026510,515.0
2141026510,529.0
2141026510,401.0
2141026510,511.0
2141026510,495.0
2141026510,378.0
2141026510,588.0
2141026510,597.0
2141026510,401.0
2141026510,424.0
2141026510,445.0
2141026510,466.0
2141026510,489.0
2141026510,532.0
2141026510,553.0
2141026510,651.0
2141026510,574.0
2141026510,585.0
2141026510,459.0
2141026510,608.0
2141026510,552.0
2141026510,181.0
2141026510,585.0
2141026510,606.0
2141026510,731.0
2141026510,145.0
2141026510,1103.0
2141026510,181.0
2141026510,262.0
2141026510,1084.0
2141026510,339.0
2141026510,614.0
2141026510,302.0
2141026510,574.0
2141026510,492.0
2141026510,471.0
2141026510,648.0
2141026510,480.0
2141026510,619.0
2141026510,743.0
2141026510,734.0
2141026510,221.0
2141026510,365.0
2141026510,277.0
2141026510,268.0
2141026510,428.0
2141026510,266.0
2141026510,538.0
2141026510,530.0
2141026510,511.0
2141026510,1274.0
2141026510,526.0
2141026510,487.0
2141026510,109.0
2141026510,434.0
2141026510,287.0
2141026510,323.0
2141026510,334.0
2141026510,325.0
2141026510,436.0
2141026510,467.0
2141026510,619.0
2141026510,587.0
2141026510,575.0
2141026510,345.0
2141026510,360.0
2141026510,347.0
2141026510,386.0
2141026510,501.0
2141026510,544.0
2141026510,266.0
2141026510,381.0
2141026510,381.0
2141026510,335.0
2141026510,921.0
2141026510,316.0
2141026510,295.0
2141026510,300.0
2141026510,899.0
2141026510,566.0
2141026510,224.0
2141026510,449.0
2141026510,244.0
2141026510,249.0
2141026510,280.0
2141026510,404.0
2141026510,150.0
2141026510,428.0
2141026510,190.0
2141026510,273.0
2141026510,588.0
2141026510,226.0
2141026510,372.0
2141026510,171.0
2141026510,253.0
2141026510,410.0
2141026510,211.0
2141026510,316.0
2141026510,232.0
2141026510,471.0
2141026510,449.0
2141026510,521.0
2141026510,582.0
2141026510,598.0
2141026510,681.0
2141026510,498.0
2141026510,465.0
2141026510,535.0
2141026510,602.0
2141026510,369.0
2141026510,269.0
2141026510,357.0
2141026510,217.0
2141026510,526.0
2141026510,326.0
2141026510,348.0
2141026510,232.0
2141026510,458.0
2141026510,438.0
2141026510,423.0
2141026510,507.0
2141026510,143.0
2141026510,188.0
2141026510,477.0
2141026510,657.0
2141026510,557.0
2141026510,596.0
2141026510,437.0
2141026510,294.0
2141026510,432.0
2141026510,214.0
2141026510,193.0
2141026510,187.0
2141026510,305.0
2141026510,299.0
2141026510,566.0
2141026510,338.0
2141026510,590.0
2141026510,274.0
2141026510,186.0
2141026510,493.0
2141026510,536.0
2141026510,579.0
2141026510,492.0
2141026510,562.0
2141026510,342.0
2141026510,375.0
2141026510,858.0
2141026510,406.0
2141026510,742.0
2141026510,944.0
2141026510,733.0
2141026510,784.0
2141026510,726.0
2141026510,612.0
2141026510,696.0
2141026510,480.0
2141026510,1059.0
2141026510,561.0
2141026510,668.0
2141026510,639.0
2141026510,610.0
2141026510,581.0
2141026510,504.0
2141026510,486.0
2141026510,468.0
2141026510,491.0
2141026510,572.0
2141026510,503.0
2141026510,481.0
2141026510,650.0
2141026510,322.0
2141026510,348.0
2141026510,360.0
2141026510,381.0
2141026510,402.0
2141026510,1486.0
2141026510,616.0
2141026510,532.0
2141026510,743.0
2141026510,395.0
2141026510,658.0
2141026510,303.0
2141026510,226.0
2141026510,429.0
2141026510,386.0
2141026510,640.0
2141026510,275.0
2141026510,161.0
2141026510,596.0
2141026510,276.0
2141026510,783.0
2141026510,689.0
2141026510,671.0
42431151,117.0
42431151,118.0
42431151,113.0
42431151,36.0
42431151,86.0
42431151,259.0
42431151,184.0
42431151,215.0
42431151,0.0
42431151,56.0
42431151,92.0
42431151,118.0
42431151,156.0
42431151,137.0
42431151,61.0
42431151,111.0
42431151,268.0
42431151,10.0
42431151,144.0
42431151,165.0
42431151,190.0
42431151,245.0
42431151,159.0
42431151,214.0
42431151,87.0
42431151,121.0
42431151,91.0
42431151,43.0
42431151,68.0
42431151,154.0
42431151,679.0
42431151,288.0
42431151,423.0
42431151,103.0
42431151,175.0
42431151,125.0
42431151,171.0
42431151,109.0
42431151,86.0
42431151,161.0
42431151,169.0
42431151,184.0
42431151,113.0
42431151,141.0
42431151,123.0
42431151,203.0
42424142,447.0
42424142,349.0
42424142,296.0
42424142,340.0
42424142,635.0
42424142,573.0
42424142,684.0
42424142,536.0
42424142,333.0
42424142,638.0
42424142,555.0
42424142,613.0
42424142,894.0
42424142,461.0
42424142,666.0
42424142,681.0
42424142,468.0
42424142,447.0
42424142,425.0
42424142,403.0
42424142,382.0
42424142,360.0
42424142,339.0
42424142,318.0
42424142,269.0
42424142,514.0
42424142,296.0
42424142,275.0
42424142,252.0
42424142,390.0
42424142,228.0
42424142,429.0
42424142,206.0
42424142,184.0
42424142,162.0
42424142,141.0
42424142,118.0
42424142,842.0
42424142,805.0
42424142,574.0
42424142,95.0
42424142,465.0
42424142,118.0
42424142,450.0
42424142,139.0
42424142,935.0
42424142,216.0
42424142,161.0
42424142,274.0
42424142,183.0
42424142,349.0
42424142,97.0
42424142,205.0
42424142,643.0
42424142,226.0
42424142,149.0
42424142,437.0
42424142,249.0
42424142,948.0
42424142,272.0
42424142,535.0
42424142,412.0
42424142,293.0
42424142,445.0
42424142,314.0
42424142,214.0
42424142,402.0
42424142,335.0
42424142,358.0
42424142,406.0
42424142,386.0
42424142,380.0
42424142,335.0
42424142,333.0
42424142,235.0
42424142,379.0
42424142,394.0
42424142,356.0
42424142,378.0
42424142,401.0
42424142,557.0
42424142,244.0
42424142,618.0
42424142,550.0
42424142,536.0
42424142,448.0
42424142,467.0
42424142,423.0
42424142,489.0
42424142,396.0
42424142,583.0
42424142,522.0
42424142,438.0
42424142,574.0
42424142,23.0
42424142,578.0
42424142,2127.0
42424142,662.0
42424142,579.0
42424142,384.0
42424142,498.0
42424142,664.0
42424142,567.0
42424142,662.0
42424142,508.0
42424142,600.0
42424142,508.0
42424142,460.0
42424142,513.0
42424142,621.0
42424142,377.0
42424142,427.0
42424142,415.0
42424142,302.0
42424142,287.0
42424142,913.0
42424142,748.0
42424142,726.0
42424142,178.0
42424142,201.0
42424142,372.0
42424142,532.0
42424142,310.0
42424142,355.0
42424142,376.0
42424142,405.0
42424142,212.0
42424142,272.0
42424142,400.0
42424142,331.0
42424142,444.0
42424142,389.0
42424142,34.0
42424142,401.0
42424142,491.0
42424142,430.0
42424142,488.0
42424142,575.0
42424142,518.0
42424142,576.0
42424142,547.0
42424142,131.0
42424142,472.0
42424142,509.0
42424142,372.0
42424142,379.0
42424142,319.0
42424142,315.0
42424142,184.0
42424142,403.0
42424142,530.0
42424142,0.0
42424142,512.0
42424142,419.0
42424142,463.0
42424142,463.0
42424142,459.0
42424142,417.0
42424142,674.0
42424142,333.0
42424142,1068.0
42424142,368.0
42424142,506.0
42424142,243.0
42424142,243.0
42424142,483.0
42424142,626.0
42424142,83.0
42424142,358.0
42424142,359.0
42424142,225.0
42424142,595.0
42424142,559.0
42424142,625.0
42424142,374.0
42424142,435.0
42424142,311.0
42424142,652.0
42424142,632.0
42424142,305.0
42424142,553.0
42424142,506.0
42424142,276.0
42424142,468.0
42424142,427.0
42424142,370.0
42424142,307.0
42424142,283.0
42424142,352.0
42424142,639.0
42424142,370.0
42424142,642.0
42424142,595.0
42424142,553.0
42424142,512.0
42424142,552.0
42424142,555.0
42424142,505.0
42424142,419.0
42424142,422.0
42424142,325.0
42424142,465.0
42424142,503.0
42424142,360.0
42424142,451.0
42424142,330.0
42424142,344.0
42424142,534.0
42424142,593.0
42424142,272.0
42424142,624.0
42424142,707.0
42424142,459.0
42424142,490.0
42424142,406.0
42424142,443.0
42424142,486.0
42424142,407.0
42424142,317.0
42424142,392.0
42424142,431.0
42424142,152.0
761293064,741.0
761293064,447.0
761293064,434.0
761293064,786.0
761293064,807.0
761293064,828.0
761293064,39.0
761293064,558.0
761293064,386.0
761293064,1135.0
761293064,372.0
761293064,1265.0
761293064,859.0
761293064,536.0
761293064,643.0
761293064,262.0
761293064,944.0
761293064,459.0
761293064,516.0
761293064,451.0
761293064,1293.0
761293064,1325.0
761293064,294.0
761293064,1366.0
761293064,486.0
761293064,496.0
761293064,468.0
761293064,450.0
761293064,432.0
761293064,414.0
761293064,396.0
761293064,378.0
761293064,360.0
761293064,342.0
761293064,322.0
761293064,303.0
761293064,285.0
761293064,267.0
761293064,249.0
761293064,231.0
761293064,213.0
761293064,195.0
761293064,177.0
761293064,140.0
761293064,121.0
761293064,102.0
761293064,95.0
761293064,113.0
761293064,175.0
761293064,157.0
761293064,208.0
761293064,191.0
761293064,249.0
761293064,227.0
761293064,252.0
761293064,282.0
761293064,1005.0
761293064,964.0
761293064,1004.0
761293064,516.0
761293064,441.0
761293064,301.0
761293064,1482.0
761293064,864.0
761293064,867.0
761293064,327.0
761293064,1080.0
761293064,330.0
761293064,539.0
761293064,555.0
761293064,476.0
761293064,444.0
761293064,1236.0
761293064,1194.0
761293064,558.0
761293064,473.0
761293064,553.0
761293064,491.0
761293064,684.0
761293064,1537.0
761293064,613.0
761293064,572.0
761293064,602.0
761293064,523.0
761293064,1147.0
761293064,274.0
761293064,1089.0
761293064,1118.0
761293064,621.0
761293064,14.0
761293064,0.0
761293064,480.0
761293064,476.0
761293064,590.0
761293064,918.0
761293064,942.0
761293064,82.0
761293064,980.0
761293064,524.0
761293064,898.0
761293064,1010.0
761293064,43.0
761293064,68.0
761293064,1033.0
761293064,1054.0
761293064,71.0
761293064,431.0
761293064,451.0
761293064,783.0
761293064,992.0
761293064,840.0
761293064,1010.0
761293064,990.0
761293064,1354.0
761293064,1394.0
761293064,304.0
761293064,521.0
761293064,1094.0
761293064,1169.0
761293064,498.0
761293064,386.0
761293064,1367.0
761293064,486.0
761293064,159.0
761293064,167.0
761293064,544.0
761293064,1484.0
761293064,716.0
761293064,633.0
761293064,606.0
761293064,444.0
761293064,539.0
761293064,416.0
761293064,478.0
761293064,199.0
761293064,755.0
761293064,461.0
761293064,1022.0
761293064,416.0
761293064,393.0
761293064,349.0
761293064,281.0
761293064,1124.0
761293064,258.0
761293064,235.0
761293064,147.0
761293064,281.0
761293064,303.0
761293064,311.0
761293064,671.0
761293064,333.0
761293064,702.0
761293064,562.0
761293064,514.0
761293064,532.0
761293064,550.0
761293064,327.0
761293064,1036.0
761293064,426.0
761293064,329.0
761293064,444.0
761293064,620.0
761293064,340.0
761293064,390.0
761293064,763.0
761293064,298.0
761293064,785.0
761293064,408.0
761293064,782.0
761293064,285.0
761293064,353.0
761293064,796.0
761293064,261.0
761293064,328.0
761293064,782.0
761293064,314.0
761293064,291.0
761293064,332.0
761293064,278.0
761293064,291.0
761293064,296.0
761293064,243.0
761293064,365.0
761293064,261.0
761293064,344.0
761293064,364.0
761293064,378.0
761293064,207.0
761293064,408.0
761293064,225.0
761293064,145.0
761293064,558.0
761293064,132.0
761293064,97.0
761293064,90.0
761293064,430.0
761293064,127.0
761293064,145.0
761293064,163.0
761293064,180.0
761293064,453.0
761293064,475.0
761293064,199.0
761293064,434.0
761293064,528.0
761293064,221.0
761293064,349.0
761293064,241.0
761293064,254.0
761293064,494.0
761293064,276.0
761293064,571.0
761293064,303.0
761293064,591.0
761293064,612.0
761293064,29.0
761293064,313.0
761293064,333.0
761293064,358.0
761293064,417.0
761293064,33.0
761293064,351.0
761293064,538.0
761293064,601.0
761293064,704.0
761293064,977.0
761293064,371.0
761293064,390.0
761293064,726.0
761293064,410.0
761293064,429.0
761293064,852.0
761293064,445.0
761293064,731.0
761293064,449.0
761293064,749.0
761293064,743.0
761293064,467.0
761293064,1020.0
761293064,770.0
761293064,487.0
761293064,560.0
761293064,527.0
761293064,502.0
761293064,543.0
761293064,561.0
761293064,833.0
761293064,579.0
761293064,517.0
761293064,422.0
761293064,840.0
761293064,597.0
761293064,1127.0
761293064,627.0
761293064,610.0
761293064,598.0
761293064,993.0
761293064,1091.0
761293064,636.0
761293064,1145.0
761293064,666.0
761293064,697.0
761293064,703.0
761293064,745.0
761293064,1163.0
761293064,591.0
761293064,421.0
761293064,327.0
761293064,635.0
761293064,876.0
761293064,277.0
761293064,630.0
761293064,108.0
761293064,958.0
761293064,475.0
761293064,805.0
761293064,505.0
761293064,819.0
761293064,530.0
761293064,1064.0
761293064,515.0
761293064,801.0
761293064,572.0
761293064,149.0
761293064,628.0
761293064,171.0
761293064,656.0
761293064,494.0
761293064,193.0
761293064,717.0
761293064,214.0
761293064,746.0
761293064,237.0
761293064,775.0
761293064,809.0
761293064,1131.0
761293064,1186.0
761293064,269.0
761293064,492.0
761293064,1163.0
761293064,329.0
761293064,999.0
761293064,835.0
761293064,350.0
761293064,914.0
761293064,888.0
761293064,1133.0
761293064,371.0
761293064,1184.0
761293064,392.0
761293064,1129.0
761293064,413.0
761293064,434.0
761293064,821.0
761293064,455.0
761293064,1068.0
761293064,470.0
761293064,1060.0
761293064,1053.0
761293064,642.0
761293064,492.0
761293064,932.0
761293064,951.0
761293064,971.0
761293064,512.0
761293064,1000.0
761293064,1018.0
761293064,1095.0
761293064,1058.0
761293064,1121.0
761293064,1098.0
761293064,1129.0
761293064,1155.0
761293064,656.0
761293064,648.0
761293064,646.0
761293064,638.0
761293064,537.0
761293064,634.0
761293064,617.0
761293064,624.0
761293064,1176.0
761293064,596.0
761293064,566.0
761293064,1196.0
761293064,908.0
761293064,223.0
761293064,603.0
761293064,532.0
761293064,411.0
761293064,1219.0
761293064,1239.0
761293064,914.0
761293064,667.0
761293064,964.0
761293064,1005.0
761293064,642.0
761293064,659.0
761293064,1054.0
761293064,1083.0
761293064,1298.0
761293064,598.0
761293064,695.0
761293064,1042.0
761293064,763.0
761293064,1118.0
761293064,1042.0
761293064,530.0
761293064,458.0
761293064,876.0
761293064,284.0
761293064,744.0
761293064,688.0
761293064,637.0
761293064,660.0
761293064,709.0
761293064,431.0
761293064,487.0
761293064,498.0
761293064,499.0
761293064,480.0
761293064,613.0
761293064,436.0
761293064,1287.0
761293064,1142.0
761293064,863.0
761293064,346.0
761293064,63.0
761293064,518.0
761293064,578.0
761293064,296.0
761293064,411.0
761293064,258.0
761293064,487.0
761293064,464.0
761293064,386.0
761293064,354.0
761293064,379.0
761293064,409.0
761293064,558.0
761293064,852.0
761293064,434.0
761293064,915.0
761293064,237.0
761293064,400.0
761293064,1153.0
761293064,207.0
761293064,434.0
761293064,177.0
761293064,450.0
761293064,890.0
761293064,914.0
761293064,1185.0
761293064,1142.0
761293064,1200.0
761293064,690.0
761293064,131.0
761293064,712.0
761293064,1324.0
761293064,79.0
761293064,440.0
761293064,1395.0
761293064,1319.0
761293064,275.0
761293064,107.0
761293064,173.0
761293064,1023.0
761293064,881.0
761293064,371.0
761293064,915.0
761293064,930.0
761293064,87.0
761293064,923.0
761293064,898.0
761293064,923.0
761293064,928.0
761293064,879.0
761293064,1003.0
761293064,1076.0
761293064,582.0
761293064,968.0
761293064,937.0
761293064,1007.0
761293064,454.0
761293064,519.0
761293064,497.0
761293064,454.0
761293064,434.0
761293064,364.0
761293064,343.0
761293064,610.0
761293064,296.0
761293064,275.0
761293064,633.0
761293064,655.0
761293064,501.0
761293064,519.0
761293064,548.0
761293064,681.0
761293064,501.0
761293064,1336.0
761293064,542.0
761293064,1273.0
761293064,1301.0
761293064,1344.0
761293064,1366.0
761293064,1411.0
761293064,480.0
761293064,602.0
761293064,520.0
761293064,746.0
761293064,1052.0
761293064,1099.0
761293064,601.0
761293064,545.0
761293064,1167.0
761293064,1180.0
761293064,610.0
761293064,610.0
761293064,631.0
761293064,547.0
761293064,611.0
761293064,618.0
761293064,870.0
761293064,805.0
761293064,285.0
761293064,597.0
761293064,584.0
761293064,176.0
761293064,585.0
761293064,138.0
761293064,60.0
761293064,138.0
761293064,337.0
761293064,654.0
761293064,557.0
761293064,629.0
761293064,812.0
761293064,450.0
761293064,490.0
761293064,760.0
761293064,542.0
761293064,817.0
761293064,899.0
761293064,572.0
761293064,837.0
761293064,661.0
761293064,656.0
761293064,1279.0
761293064,733.0
761293064,690.0
761293064,783.0
761293064,223.0
761293064,666.0
761293064,685.0
761293064,1061.0
761293064,1306.0
761293064,1404.0
761293064,1252.0
761293064,294.0
761293064,304.0
761293064,630.0
761293064,794.0
761293064,1252.0
761293064,1268.0
761293064,1115.0
761293064,437.0
761293064,326.0
761293064,982.0
761293064,959.0
761293064,757.0
761293064,1144.0
761293064,851.0
761293064,502.0
761293064,575.0
761293064,874.0
761293064,888.0
761293064,909.0
761293064,933.0
761293064,930.0
761293064,953.0
761293064,1009.0
761293064,1142.0
761293064,1056.0
761293064,1101.0
761293064,1062.0
761293064,1124.0
761293064,921.0
761293064,1134.0
761293064,384.0
761293064,355.0
761293064,1138.0
761293064,352.0
761293064,405.0
761293064,322.0
761293064,574.0
761293064,267.0
761293064,1276.0
761293064,508.0
761293064,495.0
761293064,445.0
761293064,894.0
761293064,471.0
761293064,1206.0
761293064,1306.0
761293064,611.0
761293064,623.0
761293064,660.0
761293064,1004.0
761293064,773.0
761293064,1344.0
761293064,1051.0
761293064,960.0
761293064,1229.0
761293064,912.0
761293064,677.0
761293064,657.0
761293064,558.0
761293064,600.0
761293064,554.0
761293064,538.0
761293064,651.0
761293064,494.0
761293064,386.0
761293064,538.0
761293064,1162.0
761293064,1209.0
761293064,378.0
761293064,269.0
761293064,630.0
761293064,741.0
761293064,931.0
761293064,498.0
761293064,599.0
761293064,692.0
761293064,516.0
761293064,458.0
761293064,497.0
761293064,386.0
761293064,522.0
761293064,477.0
761293064,616.0
761293064,587.0
761293064,546.0
761293064,544.0
761293064,824.0
761293064,765.0
761293064,506.0
761293064,754.0
761293064,633.0
761293064,688.0
761293064,587.0
761293064,687.0
761293064,741.0
761293064,510.0
761293064,636.0
761293064,745.0
761293064,486.0
761293064,655.0
761293064,590.0
761293064,428.0
761293064,1101.0
761293064,393.0
761293064,320.0
761293064,462.0
761293064,679.0
761293064,441.0
761293064,607.0
761293064,382.0
761293064,355.0
761293064,817.0
761293064,312.0
761293064,945.0
761293064,814.0
761293064,707.0
761293064,556.0
761293064,619.0
761293064,631.0
761293064,1046.0
761293064,460.0
761293064,1075.0
761293064,447.0
761293064,380.0
761293064,405.0
761293064,328.0
761293064,602.0
761293064,233.0
761293064,1034.0
761293064,1126.0
761293064,1192.0
761293064,581.0
761293064,854.0
761293064,1421.0
761293064,1507.0
761293064,292.0
761293064,314.0
761293064,349.0
761293064,366.0
761293064,409.0
761293064,441.0
761293064,725.0
761293064,752.0
761293064,740.0
761293064,701.0
761293064,1254.0
761293064,522.0
761293064,1143.0
761293064,480.0
761293064,437.0
761293064,416.0
761293064,267.0
761293064,391.0
761293064,913.0
761293064,370.0
761293064,307.0
761293064,286.0
761293064,265.0
761293064,308.0
761293064,244.0
761293064,588.0
761293064,200.0
761293064,534.0
761293064,245.0
761293064,266.0
761293064,290.0
761293064,663.0
761293064,312.0
761293064,621.0
761293064,1038.0
761293064,867.0
761293064,1055.0
761293064,1018.0
761293064,1039.0
761293064,329.0
761293064,349.0
761293064,1039.0
761293064,348.0
761293064,355.0
761293064,376.0
761293064,381.0
761293064,402.0
761293064,465.0
761293064,509.0
761293064,1451.0
761293064,577.0
761293064,551.0
761293064,595.0
761293064,635.0
761293064,904.0
761293064,647.0
761293064,655.0
761293064,697.0
761293064,496.0
761293064,1195.0
42437135,493.0
42437135,301.0
42437135,382.0
42437135,320.0
42437135,360.0
42437135,401.0
42437135,450.0
42437135,367.0
42437135,416.0
42437135,1023.0
42437135,50.0
42437135,456.0
42437135,0.0
42437135,405.0
42437135,343.0
42437135,241.0
42437135,369.0
42437135,440.0
42437135,474.0
42437135,201.0
42437135,44.0
42437135,433.0
42437135,24.0
42437135,234.0
42437135,10.0
42437135,154.0
42437135,212.0
42437135,225.0
42437135,815.0
42437135,93.0
42437135,348.0
42437135,245.0
42437135,69.0
42437135,251.0
42437135,112.0
42437135,132.0
42437135,255.0
42437135,353.0
42437135,325.0
42437135,174.0
42437135,139.0
42437135,590.0
42437135,538.0
42437135,510.0
42437135,182.0
42437135,387.0
42437135,460.0
42437135,250.0
42437135,205.0
42437135,345.0
42443615,404.0
42443615,277.0
42443615,223.0
42443615,165.0
42443615,219.0
42443615,354.0
42443615,244.0
42443615,334.0
42443615,370.0
42443615,252.0
42443615,455.0
42443615,116.0
42443615,109.0
42443615,72.0
42443615,36.0
42443615,260.0
42443615,398.0
42443615,352.0
42443615,367.0
42443615,461.0
42443615,658.0
42443615,182.0
42443615,138.0
42443615,355.0
42443615,441.0
42443615,177.0
42443615,54.0
42443615,114.0
42443615,555.0
42443615,98.0
42443615,175.0
42443615,506.0
42443615,541.0
42443615,596.0
42443615,403.0
42443615,499.0
42443615,598.0
42443615,497.0
42443615,332.0
42443615,640.0
42443615,244.0
42443615,236.0
42443615,511.0
42443615,462.0
42443615,152.0
42443615,552.0
42443615,163.0
42443615,77.0
42443615,137.0
42443615,159.0
42443615,611.0
42443615,265.0
42443615,385.0
42443615,399.0
42443615,181.0
42443615,529.0
42443615,223.0
42443615,350.0
42443615,479.0
42443615,467.0
42443615,319.0
42443615,288.0
42443615,318.0
42443615,658.0
42443615,213.0
42443615,245.0
42443615,142.0
42443615,143.0
42443615,172.0
42443615,230.0
42443615,341.0
42443615,286.0
42443615,307.0
42443615,428.0
42443615,371.0
42443615,242.0
42443615,214.0
42443615,408.0
42443615,254.0
42443615,184.0
42443615,351.0
42443615,359.0
42443615,362.0
42443615,518.0
42443615,393.0
42443615,496.0
42443615,526.0
42443615,414.0
42443615,181.0
42443615,174.0
42443615,217.0
42443615,532.0
42443615,281.0
42443615,91.0
42443615,216.0
42443615,233.0
42443615,309.0
42443615,260.0
42443615,328.0
42443615,658.0
42443615,328.0
42443615,417.0
42443615,146.0
42443615,437.0
42443615,570.0
42443615,113.0
42443615,401.0
42443615,397.0
42443615,453.0
42443615,148.0
42443615,198.0
42443615,90.0
42443615,0.0
42443615,169.0
42443615,377.0
42443615,283.0
42443615,384.0
42443615,309.0
42443615,331.0
42443615,285.0
42443615,331.0
42443615,359.0
42443615,262.0
42443615,477.0
42443615,348.0
42443615,438.0
42443615,470.0
42443615,480.0
42443615,567.0
42443615,484.0
42443615,615.0
42443615,160.0
42443615,204.0
42443615,419.0
42443615,306.0
42443615,202.0
42443615,292.0
42443615,312.0
42443615,414.0
42443615,374.0
42443615,500.0
42443615,268.0
42443615,376.0
42443615,198.0
42443615,220.0
42443615,414.0
42443615,429.0
42443615,354.0
42443615,247.0
42443615,339.0
42443615,155.0
42443615,192.0
42443615,194.0
42443615,143.0
42443615,361.0
42443615,444.0
42443615,172.0
42443615,122.0
42443615,485.0
42443615,18.0
42443615,151.0
4347534783,142.0
4347534783,87.0
4347534783,81.0
4347534783,114.0
4347534783,316.0
4347534783,65.0
4347534783,156.0
4347534783,157.0
4347534783,165.0
4347534783,229.0
4347534783,207.0
4347534783,123.0
4347534783,224.0
4347534783,144.0
4347534783,293.0
4347534783,250.0
4347534783,314.0
4347534783,271.0
4347534783,346.0
4347534783,186.0
4347534783,370.0
4347534783,460.0
4347534783,225.0
4347534783,44.0
4347534783,108.0
4347534783,180.0
4347534783,234.0
4347534783,157.0
4347534783,414.0
4347534783,338.0
4347534783,86.0
4347534783,64.0
4347534783,42.0
4347534783,326.0
4347534783,416.0
4347534783,177.0
4347534783,211.0
4347534783,284.0
4347534783,195.0
4347534783,392.0
4347534783,173.0
4347534783,86.0
4347534783,217.0
4347534783,255.0
4347534783,300.0
4347534783,182.0
4347534783,321.0
4347534783,164.0
4347534783,305.0
4347534783,513.0
4347534783,504.0
4347534783,241.0
4347534783,377.0
4347534783,348.0
4347534783,243.0
4347534783,342.0
4347534783,153.0
4347534783,384.0
4347534783,243.0
4347534783,146.0
4347534783,525.0
4347534783,242.0
4347534783,111.0
4347534783,134.0
4347534783,170.0
4347534783,207.0
4347534783,105.0
4347534783,302.0
4347534783,131.0
4347534783,345.0
4347534783,213.0
4347534783,348.0
4347534783,469.0
4347534783,23.0
4347534783,113.0
4347534783,115.0
4347534783,270.0
4347534783,359.0
4347534783,327.0
4347534783,122.0
4347534783,215.0
4347534783,210.0
4347534783,188.0
4347534783,108.0
4347534783,0.0
4347534783,221.0
4347534783,178.0
4347534783,102.0
42436374,173.0
42436374,134.0
42436374,175.0
42436374,104.0
42436374,148.0
42436374,173.0
42436374,118.0
42436374,246.0
42436374,88.0
42436374,75.0
42436374,59.0
42436374,269.0
42436374,30.0
42436374,45.0
42436374,420.0
42436374,0.0
42436374,127.0
42436374,283.0
42436374,170.0
42436374,218.0
42436374,100.0
42436374,388.0
42436374,250.0
42436374,228.0
42436374,160.0
42436374,172.0
42436374,255.0
42436374,228.0
42436374,266.0
42436374,320.0
42436374,455.0
42436374,120.0
42436374,282.0
42436374,353.0
42436374,320.0
42436374,173.0
42436374,142.0
42436374,84.0
42436374,219.0
42436374,217.0
42436374,169.0
42436374,294.0
42436374,130.0
42436374,313.0
42436374,194.0
42436374,588.0
42436374,166.0
42436374,70.0
42436374,234.0
42436374,108.0
42436374,415.0
42436374,179.0
42436374,254.0
42436374,94.0
42436374,647.0
42436374,274.0
42436374,194.0
42436374,371.0
42436374,164.0
42444458,445.0
42444458,211.0
42444458,258.0
42444458,250.0
42444458,538.0
42444458,432.0
42444458,841.0
42444458,183.0
42444458,250.0
42444458,159.0
42444458,118.0
42444458,252.0
42444458,523.0
42444458,532.0
42444458,112.0
42444458,681.0
42444458,194.0
42444458,284.0
42444458,437.0
42444458,435.0
42444458,169.0
42444458,77.0
42444458,443.0
42444458,166.0
42444458,237.0
42444458,269.0
42444458,82.0
42444458,322.0
42444458,300.0
42444458,141.0
42444458,162.0
42444458,218.0
42444458,203.0
42444458,268.0
42444458,247.0
42444458,230.0
42444458,209.0
42444458,188.0
42444458,167.0
42444458,146.0
42444458,125.0
42444458,458.0
42444458,365.0
42444458,111.0
42444458,216.0
42444458,21.0
42444458,176.0
42444458,420.0
42444458,219.0
42444458,380.0
42444458,171.0
42444458,135.0
42444458,240.0
42444458,376.0
42444458,95.0
42444458,46.0
42444458,0.0
42444458,158.0
42444458,102.0
42444458,134.0
42444458,197.0
42444458,196.0
42444458,189.0
42444458,374.0
42444458,485.0
42444458,279.0
42444458,430.0
42444458,224.0
42444458,757.0
42444458,275.0
42444458,386.0
42444458,437.0
42444458,372.0
42444458,379.0
42444458,258.0
42444458,220.0
42444458,200.0
42444458,224.0
42444458,229.0
42444458,180.0
42444458,165.0
42444458,269.0
42444458,204.0
42444458,167.0
42444458,106.0
42444458,135.0
42444458,139.0
42444458,248.0
42444458,51.0
42444458,210.0
42444458,101.0
42444458,355.0
42444458,290.0
42444458,333.0
42444458,452.0
42444458,202.0
42444458,160.0
42444458,146.0
42444458,352.0
42444458,311.0
42444458,164.0
42444458,409.0
42444458,546.0
42444458,428.0
42444458,775.0
42444458,461.0
42444458,601.0
42444458,1085.0
42444458,526.0
42444458,521.0
42439489,235.0
42439489,691.0
42439489,459.0
42439489,300.0
42439489,668.0
42439489,213.0
42439489,395.0
42439489,851.0
42439489,503.0
42439489,449.0
42439489,441.0
42439489,208.0
42439489,526.0
42439489,359.0
42439489,396.0
42439489,421.0
42439489,469.0
42439489,166.0
42439489,350.0
42439489,398.0
42439489,302.0
42439489,373.0
42439489,281.0
42439489,225.0
42439489,127.0
42439489,280.0
42439489,171.0
42439489,143.0
42439489,315.0
42439489,582.0
42439489,682.0
42439489,528.0
42439489,402.0
42439489,292.0
42439489,452.0
42439489,179.0
42439489,229.0
42439489,557.0
42439489,491.0
42439489,785.0
42439489,651.0
42439489,606.0
42439489,661.0
42439489,511.0
42439489,471.0
42439489,570.0
42439489,433.0
42439489,293.0
42439489,320.0
42439489,247.0
42439489,136.0
42439489,133.0
42439489,21.0
42439489,77.0
42439489,153.0
42439489,196.0
42439489,828.0
42439489,700.0
42439489,873.0
42439489,120.0
42439489,648.0
42439489,764.0
42439489,673.0
42439489,627.0
42439489,639.0
42439489,707.0
42439489,612.0
42439489,127.0
42439489,634.0
42439489,663.0
42439489,642.0
42439489,685.0
42439489,694.0
42439489,627.0
42439489,360.0
42439489,728.0
42439489,614.0
42439489,725.0
42439489,758.0
42439489,592.0
42439489,586.0
42439489,464.0
42439489,548.0
42439489,654.0
42439489,768.0
42439489,414.0
42439489,678.0
42439489,746.0
42439489,526.0
42439489,437.0
42439489,412.0
42439489,464.0
42439489,249.0
42439489,272.0
42439489,181.0
42439489,553.0
42439489,151.0
42439489,0.0
42439489,95.0
42439489,234.0
42439489,83.0
42439489,154.0
42439489,376.0
42439489,561.0
42439489,333.0
42439489,354.0
42439489,523.0
42439489,439.0
42439489,311.0
42439489,588.0
42439489,418.0
42439489,377.0
42439489,257.0
42439489,334.0
42439489,225.0
42439489,245.0
42439489,363.0
42439489,202.0
42439489,502.0
42439489,485.0
42439489,318.0
42439489,790.0
42439489,481.0
42439489,377.0
42439489,297.0
42439489,670.0
42439489,806.0
42439489,210.0
42439489,540.0
42439489,187.0
42439489,294.0
42439489,384.0
42439489,553.0
42439489,272.0
42439489,432.0
42439489,214.0
42439489,609.0
42439489,317.0
42439489,374.0
42439489,338.0
42439489,104.0
42439489,113.0
42439489,339.0
42439489,569.0
42439489,506.0
42439489,590.0
42439489,577.0
42439489,410.0
42439489,326.0
42439489,99.0
42439489,548.0
42439489,401.0
42444461,534.0
42444461,762.0
42444461,729.0
42444461,789.0
42444461,771.0
42444461,906.0
42444461,877.0
42444461,808.0
42444461,93.0
42444461,332.0
42444461,5.0
42444461,415.0
42444461,0.0
42444461,370.0
42444461,32.0
42444461,860.0
42444461,382.0
42444461,799.0
42444461,909.0
42444461,28.0
42444461,861.0
42444461,659.0
42444461,812.0
42444461,844.0
42444461,427.0
42439826,211.0
42439826,277.0
42439826,245.0
42439826,479.0
42439826,242.0
42439826,190.0
42439826,158.0
42439826,231.0
42439826,129.0
42439826,428.0
42439826,0.0
42439826,209.0
42439826,364.0
42439826,30.0
42439826,257.0
42439826,421.0
42439826,417.0
42439826,367.0
42439826,447.0
42439826,500.0
42439826,292.0
42439826,253.0
42439826,224.0
42439826,194.0
42439826,132.0
42439826,99.0
42439826,183.0
42439826,156.0
42439826,387.0
42439826,241.0
42439826,210.0
42439826,276.0
42439826,164.0
42439826,314.0
42439826,324.0
42439826,237.0
42439826,294.0
42439826,322.0
42439826,349.0
42439826,309.0
42439826,287.0
42439826,266.0
42439826,459.0
42439826,208.0
42439826,288.0
42439826,295.0
42439826,369.0
42439826,237.0
42439826,401.0
42439826,382.0
42439826,247.0
42439826,375.0
42439826,268.0
42439826,336.0
42439826,354.0
42439826,472.0
42439826,338.0
42439826,365.0
42439826,455.0
42439826,384.0
42439826,419.0
42439826,278.0
42439826,335.0
42439826,264.0
42435420,276.0
42435420,119.0
42435420,317.0
42435420,290.0
42435420,417.0
42435420,271.0
42435420,305.0
42435420,330.0
42435420,200.0
42435420,249.0
42435420,516.0
42435420,218.0
42435420,414.0
42435420,280.0
42435420,251.0
42435420,386.0
42435420,300.0
42435420,301.0
42435420,387.0
42435420,330.0
42435420,310.0
42435420,389.0
42435420,489.0
42435420,482.0
42435420,415.0
42435420,316.0
42435420,357.0
42435420,289.0
42435420,457.0
42435420,285.0
42435420,465.0
42435420,342.0
42435420,371.0
42435420,483.0
42435420,477.0
42435420,429.0
42435420,563.0
42435420,449.0
42435420,469.0
42435420,506.0
42435420,393.0
42435420,528.0
42435420,412.0
42435420,244.0
42435420,228.0
42435420,505.0
42435420,358.0
42435420,284.0
42435420,208.0
42435420,58.0
42435420,507.0
42435420,397.0
42435420,429.0
42435420,319.0
42435420,350.0
42435420,269.0
42435420,273.0
42435420,245.0
42435420,160.0
42435420,216.0
42435420,449.0
42435420,158.0
42435420,129.0
42435420,213.0
42435420,186.0
42435420,0.0
42435420,278.0
42435420,29.0
42435420,221.0
42435420,309.0
42435420,309.0
42435420,502.0
42435420,363.0
42435420,301.0
42435420,238.0
42435420,386.0
42435420,313.0
42435420,187.0
42435420,227.0
42435420,273.0
42435420,236.0
42435420,128.0
42435420,304.0
42435420,329.0
42435420,486.0
42435420,445.0
42435420,443.0
42435420,445.0
42435420,502.0
42435420,86.0
42435420,491.0
42435420,559.0
42435420,293.0
42435420,99.0
42435420,305.0
42435420,192.0
42435420,399.0
42428570,874.0
42428570,718.0
42428570,165.0
42428570,353.0
42428570,388.0
42428570,460.0
42428570,352.0
42428570,179.0
42428570,174.0
42428570,410.0
42428570,334.0
42428570,856.0
42428570,918.0
42428570,573.0
42428570,221.0
42428570,339.0
42428570,799.0
42428570,400.0
42428570,1157.0
42428570,107.0
42428570,622.0
42428570,263.0
42428570,900.0
42428570,0.0
42428570,537.0
42428570,67.0
42428570,817.0
42428570,101.0
42428570,372.0
42428570,533.0
42428570,661.0
42428570,133.0
42428570,146.0
42428570,488.0
42428570,168.0
42428570,189.0
42428570,209.0
42428570,229.0
42428570,700.0
42428570,249.0
42428570,959.0
42428570,511.0
42428570,541.0
42428570,500.0
42428570,292.0
42428570,470.0
42428570,326.0
42428570,357.0
42428570,414.0
42428570,361.0
42428570,387.0
42428570,418.0
42428570,279.0
42428570,322.0
42428570,449.0
42428570,280.0
42428570,241.0
42428570,512.0
42428570,260.0
42428570,572.0
42428570,494.0
42428570,602.0
42428570,632.0
42428570,472.0
42428570,690.0
42428570,298.0
42428570,450.0
42428570,700.0
42428570,379.0
42428570,731.0
42428570,760.0
42428570,501.0
42428570,427.0
42428570,656.0
42428570,818.0
42428570,449.0
42428570,457.0
42428570,846.0
42428570,267.0
42428570,80.0
42428570,432.0
42428570,441.0
42428570,419.0
42428570,875.0
42428570,889.0
42428570,546.0
42428570,50.0
42428570,62.0
42428570,85.0
42428570,993.0
42428570,398.0
42428570,468.0
42428570,950.0
42428570,438.0
42428570,528.0
42428570,950.0
42428570,812.0
42428570,532.0
42428570,353.0
42428570,331.0
42428570,309.0
42428570,286.0
42428570,308.0
42428570,606.0
42428570,619.0
42428570,395.0
42428570,378.0
42428570,354.0
42428570,377.0
42428570,399.0
42428570,421.0
42428570,443.0
42428570,98.0
42428570,465.0
42428570,510.0
42428570,554.0
42428570,182.0
42428570,576.0
42428570,598.0
42428570,151.0
42428570,640.0
42428570,663.0
42428570,237.0
42428570,686.0
42428570,266.0
42428570,295.0
42428570,707.0
42428570,356.0
42428570,418.0
42428570,36.0
42428570,92.0
42428570,450.0
42428570,750.0
42428570,479.0
42428570,571.0
42428570,682.0
42428570,702.0
42428570,139.0
42428570,340.0
42428570,771.0
42428570,793.0
42428570,814.0
42428570,383.0
42428570,276.0
42428570,110.0
42428570,645.0
42428570,132.0
42428570,154.0
42428570,730.0
42428570,175.0
42428570,198.0
42428570,243.0
42428570,264.0
42428570,643.0
42428570,286.0
42428570,307.0
42428570,330.0
42428570,375.0
42428570,292.0
42428570,397.0
42428570,419.0
42428570,575.0
42428570,643.0
42428570,687.0
42428570,609.0
42428570,324.0
42428570,423.0
42428570,643.0
42428570,463.0
42428570,484.0
42428570,281.0
42428570,313.0
42428570,1003.0
42428570,876.0
42428570,600.0
42428570,477.0
42428570,837.0
42428570,503.0
42428570,208.0
42428570,716.0
42428570,366.0
42428570,388.0
42428570,693.0
42428570,588.0
42428570,420.0
42428570,593.0
42428570,541.0
42428570,517.0
42428570,534.0
42428570,432.0
42428570,477.0
42428570,454.0
42428570,553.0
42428570,626.0
42428570,749.0
42428570,619.0
42428570,639.0
42428570,380.0
42428570,367.0
42428570,495.0
42428570,163.0
42428570,459.0
42428570,318.0
42428570,360.0
42428570,392.0
42428570,232.0
42428570,205.0
42428570,184.0
42428570,139.0
42428570,119.0
42428570,434.0
42428570,580.0
42428570,509.0
42428570,152.0
42428570,515.0
42428570,550.0
42428570,297.0
42428570,504.0
42428570,981.0
42428570,451.0
42428570,468.0
42428570,306.0
42428570,328.0
42428570,345.0
42428570,202.0
42428570,226.0
42428570,135.0
42428570,146.0
42428570,304.0
42428570,740.0
42428570,893.0
42428570,761.0
42428570,341.0
42428570,231.0
42428570,596.0
42428570,149.0
42428570,840.0
42428570,481.0
42428570,395.0
42428570,790.0
42428570,354.0
42428570,602.0
42428570,530.0
42428570,690.0
42428570,543.0
42428570,533.0
42428570,570.0
42428570,597.0
42428570,663.0
42428570,780.0
42428570,295.0
42428570,661.0
42428570,516.0
42428570,619.0
42428570,667.0
42428570,602.0
42428570,666.0
42428570,722.0
42428570,818.0
42428570,739.0
42428570,525.0
42428570,415.0
42428570,523.0
42428570,539.0
42428570,484.0
42428570,578.0
42428570,460.0
42428570,480.0
42428570,520.0
42428570,487.0
42428570,557.0
42428570,522.0
42428570,231.0
42428570,648.0
42428570,213.0
42428570,277.0
42428570,272.0
42428570,306.0
42428570,573.0
42428570,443.0
42428570,132.0
42428570,425.0
42428570,34.0
42428570,124.0
42428570,560.0
42428570,285.0
42428570,558.0
42428570,385.0
42428570,376.0
42428570,672.0
42428570,762.0
42428570,742.0
42428570,875.0
42428570,789.0
42428570,932.0
42428570,729.0
42428570,787.0
42428570,994.0
42428570,976.0
42428570,975.0
42428570,11.0
42428570,687.0
42428570,114.0
42428570,270.0
42428570,517.0
42428570,478.0
42428570,317.0
42428570,417.0
42428570,73.0
42428570,601.0
42428570,202.0
42428570,404.0
42428570,434.0
42428570,281.0
42428570,487.0
42428570,311.0
42428570,642.0
42428570,275.0
42428570,442.0
42428570,306.0
42428570,161.0
42428570,196.0
42428570,479.0
42428570,302.0
42428570,705.0
42428570,242.0
42428570,398.0
42428570,741.0
42428570,583.0
42431797,200.0
42431797,164.0
42431797,252.0
42431797,281.0
42431797,274.0
42431797,405.0
42431797,410.0
42431797,346.0
42431797,305.0
42431797,322.0
42431797,352.0
42431797,380.0
42431797,244.0
42431797,341.0
42431797,216.0
42431797,188.0
42431797,245.0
42431797,219.0
42431797,201.0
42431797,271.0
42431797,169.0
42431797,141.0
42431797,111.0
42431797,296.0
42431797,95.0
42431797,156.0
42431797,309.0
42431797,182.0
42431797,0.0
42431797,279.0
42431797,408.0
42431797,157.0
42431797,276.0
42431797,175.0
42431797,158.0
42431797,205.0
42431797,172.0
42431797,159.0
42431797,271.0
42431797,149.0
42431797,322.0
42431797,437.0
42431797,297.0
42453714,442.0
42453714,365.0
42453714,328.0
42453714,347.0
42453714,728.0
42453714,773.0
42453714,594.0
42453714,655.0
42453714,717.0
42453714,530.0
42453714,564.0
42453714,798.0
42453714,563.0
42453714,437.0
42453714,469.0
42453714,378.0
42453714,671.0
42453714,672.0
42453714,828.0
42453714,680.0
42453714,479.0
42453714,433.0
42453714,711.0
42453714,540.0
42453714,743.0
42453714,501.0
42453714,686.0
42453714,490.0
42453714,453.0
42453714,481.0
42453714,257.0
42453714,64.0
42453714,134.0
42453714,0.0
42453714,519.0
42453714,408.0
42453714,624.0
42453714,887.0
42453714,803.0
42453714,804.0
42453714,288.0
42453714,819.0
42453714,759.0
5798966629,269.0
5798966629,195.0
5798966629,180.0
5798966629,478.0
5798966629,524.0
5798966629,363.0
5798966629,265.0
5798966629,334.0
5798966629,409.0
5798966629,187.0
5798966629,484.0
5798966629,577.0
5798966629,575.0
5798966629,264.0
5798966629,119.0
5798966629,216.0
5798966629,240.0
5798966629,59.0
5798966629,460.0
5798966629,87.0
5798966629,167.0
5798966629,138.0
5798966629,370.0
5798966629,165.0
5798966629,248.0
5798966629,134.0
5798966629,220.0
5798966629,337.0
5798966629,264.0
5798966629,196.0
5798966629,145.0
5798966629,207.0
5798966629,454.0
5798966629,118.0
5798966629,423.0
5798966629,586.0
5798966629,123.0
5798966629,154.0
5798966629,363.0
5798966629,475.0
5798966629,508.0
5798966629,328.0
5798966629,358.0
5798966629,299.0
5798966629,240.0
5798966629,431.0
5798966629,122.0
5798966629,335.0
5798966629,304.0
5798966629,191.0
5798966629,277.0
5798966629,207.0
5798966629,266.0
5798966629,224.0
5798966629,299.0
5798966629,264.0
5798966629,335.0
5798966629,317.0
5798966629,517.0
5798966629,428.0
5798966629,436.0
5798966629,370.0
5798966629,410.0
5798966629,439.0
5798966629,511.0
5798966629,1216.0
5798966629,339.0
5798966629,654.0
5798966629,341.0
5798966629,688.0
5798966629,513.0
5798966629,477.0
5798966629,589.0
5798966629,107.0
5798966629,378.0
5798966629,452.0
5798966629,374.0
5798966629,299.0
5798966629,448.0
5798966629,324.0
5798966629,404.0
5798966629,368.0
5798966629,229.0
5798966629,299.0
5798966629,442.0
5798966629,519.0
5798966629,249.0
5798966629,310.0
5798966629,338.0
5798966629,242.0
5798966629,193.0
5798966629,140.0
5798966629,88.0
5798966629,126.0
5798966629,163.0
5798966629,184.0
5798966629,398.0
5798966629,267.0
5798966629,159.0
5798966629,229.0
5798966629,304.0
5798966629,229.0
5798966629,376.0
5798966629,230.0
5798966629,254.0
5798966629,212.0
5798966629,209.0
5798966629,190.0
5798966629,790.0
5798966629,520.0
5798966629,25.0
5798966629,564.0
5798966629,480.0
5798966629,1023.0
5798966629,247.0
5798966629,292.0
5798966629,191.0
5798966629,161.0
5798966629,242.0
5798966629,322.0
5798966629,204.0
5798966629,150.0
5798966629,493.0
5798966629,253.0
5798966629,292.0
5798966629,221.0
5798966629,400.0
5798966629,755.0
5798966629,6.0
5798966629,170.0
5798966629,37.0
5798966629,93.0
5798966629,180.0
5798966629,207.0
5798966629,248.0
5798966629,233.0
5798966629,225.0
5798966629,257.0
5798966629,67.0
5798966629,172.0
5798966629,198.0
5798966629,163.0
5798966629,145.0
5798966629,412.0
5798966629,0.0
5798966629,258.0
5798966629,366.0
5798966629,417.0
5798966629,445.0
5798966629,474.0
5798966629,605.0
5798966629,554.0
5798966629,99.0
5798966629,529.0
5798966629,466.0
5798966629,558.0
5798966629,760.0
5798966629,191.0
5798966629,199.0
5798966629,115.0
5798966629,197.0
5798966629,187.0
5798966629,35.0
5798966629,220.0
5798966629,385.0
5798966629,385.0
5798966629,169.0
5798966629,250.0
5798966629,285.0
5798966629,113.0
5798966629,51.0
5798966629,86.0
5798966629,300.0
5798966629,301.0
5798966629,268.0
5798966629,481.0
5798966629,612.0
5798966629,444.0
5798966629,317.0
5798966629,417.0
5798966629,200.0
5798966629,447.0
5798966629,289.0
5798966629,395.0
5798966629,341.0
5798966629,261.0
5798966629,496.0
5798966629,468.0
5798966629,233.0
5798966629,347.0
5798966629,308.0
5798966629,607.0
5798966629,205.0
5798966629,179.0
5798966629,256.0
5798966629,14.0
5798966629,552.0
5798966629,644.0
5798966629,624.0
5798966629,687.0
5798966629,615.0
5798966629,276.0
5798966629,1375.0
5798966629,152.0
5798966629,270.0
5798966629,228.0
5798966629,395.0
5798966629,156.0
5798966629,185.0
5798966629,290.0
5798966629,127.0
5798966629,110.0
5798966629,166.0
5798966629,211.0
5798966629,169.0
5798966629,195.0
5798966629,305.0
5798966629,710.0
5798966629,443.0
5798966629,80.0
42436384,254.0
42436384,248.0
42436384,219.0
42436384,320.0
42436384,191.0
42436384,214.0
42436384,312.0
42436384,158.0
42436384,161.0
42436384,0.0
42436384,196.0
42436384,200.0
42436384,253.0
42436384,128.0
42436384,225.0
42436384,233.0
42436384,289.0
42436384,260.0
42436384,293.0
42436384,212.0
42436384,357.0
42436384,327.0
42436384,227.0
42436384,292.0
42436384,411.0
42436384,335.0
42436384,389.0
42436384,355.0
42436384,437.0
42436384,192.0
42436384,395.0
42436384,226.0
42436384,259.0
42436384,380.0
42436384,410.0
42436384,278.0
42436384,292.0
42436384,327.0
42436384,229.0
42436384,375.0
42436384,455.0
42436384,361.0
42436384,242.0
42436384,248.0
42436384,240.0
42436384,298.0
42436384,362.0
42436384,288.0
42436384,351.0
42436384,299.0
42436384,361.0
42436384,192.0
42436384,428.0
42436384,230.0
42436384,99.0
42436384,355.0
42436384,490.0
42439990,499.0
42439990,537.0
42439990,447.0
42439990,277.0
42439990,347.0
42439990,390.0
42439990,489.0
42439990,367.0
42439990,509.0
42439990,368.0
42439990,361.0
42439990,666.0
42439990,321.0
42439990,376.0
42439990,656.0
42439990,403.0
42439990,766.0
42439990,165.0
42439990,441.0
42439990,440.0
42439990,356.0
42439990,640.0
42439990,427.0
42439990,413.0
42439990,319.0
42439990,239.0
42439990,262.0
42439990,80.0
42439990,241.0
42439990,420.0
42439990,220.0
42439990,207.0
42439990,430.0
42439990,196.0
42439990,205.0
42439990,291.0
42439990,327.0
42439990,136.0
42439990,450.0
42439990,77.0
42439990,235.0
42439990,399.0
42439990,206.0
42439990,320.0
42439990,325.0
42439990,178.0
42439990,303.0
42439990,276.0
42439990,381.0
42439990,460.0
42439990,247.0
42439990,646.0
42439990,503.0
42439990,532.0
42439990,421.0
42439990,401.0
42439990,629.0
42439990,468.0
42439990,597.0
42439990,569.0
42439990,255.0
42439990,595.0
42439990,539.0
42439990,527.0
42439990,468.0
42439990,657.0
42439990,582.0
42439990,107.0
42439990,314.0
42439990,400.0
42439990,252.0
42439990,371.0
42439990,489.0
42439990,396.0
42439990,545.0
42439990,563.0
42439990,223.0
42439990,404.0
42439990,315.0
42439990,427.0
42439990,341.0
42439990,151.0
42439990,169.0
42439990,319.0
42439990,297.0
42439990,282.0
42439990,318.0
42439990,339.0
42439990,368.0
42439990,362.0
42439990,350.0
42439990,371.0
42439990,297.0
42439990,389.0
42439990,296.0
42439990,439.0
42439990,341.0
42439990,423.0
42439990,384.0
42439990,263.0
42439990,297.0
42439990,187.0
42439990,345.0
42439990,535.0
42439990,468.0
42439990,563.0
42439990,391.0
42439990,420.0
42439990,385.0
42439990,439.0
42439990,379.0
42439990,397.0
42439990,296.0
42439990,281.0
42439990,737.0
42439990,324.0
42439990,353.0
42439990,381.0
42439990,395.0
42439990,0.0
42439990,400.0
42439990,29.0
42439990,58.0
42439990,103.0
42439990,417.0
42439990,417.0
42439990,435.0
42439990,416.0
42439990,446.0
42439990,280.0
42439990,383.0
42439990,507.0
42439990,259.0
42439990,413.0
42439990,236.0
42439990,454.0
42439990,318.0
42439990,241.0
42439990,213.0
42439990,360.0
42439990,410.0
42439990,192.0
42439990,342.0
42439990,171.0
42439990,181.0
42439990,150.0
42439990,374.0
42439990,128.0
42439990,319.0
42439990,177.0
42439990,81.0
42439990,112.0
42439990,155.0
42439990,125.0
42439990,307.0
42439990,475.0
42439990,285.0
42439990,269.0
42439990,374.0
42439990,246.0
42439990,395.0
42439990,310.0
42439990,390.0
42439990,368.0
42439990,347.0
42439990,347.0
42439990,481.0
42439990,383.0
42439990,350.0
42439990,419.0
42439990,426.0
42439990,400.0
42439990,497.0
42439990,367.0
42439990,421.0
42439990,405.0
42439990,440.0
42439990,486.0
42439990,381.0
42439990,263.0
42439990,462.0
42439990,417.0
42439990,478.0
42439990,436.0
42439990,298.0
42439990,454.0
42439990,488.0
42448578,546.0
42448578,303.0
42448578,398.0
42448578,737.0
42448578,604.0
42448578,444.0
42448578,494.0
42448578,608.0
42448578,522.0
42448578,85.0
42448578,588.0
42448578,635.0
42448578,669.0
42448578,126.0
42448578,258.0
42448578,205.0
42448578,302.0
42448578,525.0
42448578,317.0
42448578,518.0
42448578,423.0
42448578,387.0
42448578,420.0
42448578,414.0
42448578,438.0
42448578,462.0
42448578,447.0
42448578,551.0
42448578,447.0
42448578,404.0
42448578,178.0
42448578,219.0
42448578,423.0
42448578,389.0
42448578,669.0
42448578,660.0
42448578,696.0
42448578,150.0
42448578,695.0
42448578,211.0
42448578,718.0
42448578,372.0
42448578,165.0
42448578,324.0
42448578,294.0
42448578,753.0
42448578,183.0
42448578,26.0
42448578,518.0
42448578,457.0
42448578,488.0
42448578,251.0
42448578,115.0
42448578,518.0
42448578,137.0
42448578,531.0
42448578,642.0
42448578,766.0
42448578,163.0
42448578,237.0
42448578,554.0
42448578,0.0
42448578,197.0
42448578,516.0
42448578,555.0
42448578,232.0
42448578,327.0
42448578,107.0
42448578,503.0
42448578,428.0
42448578,687.0
42448578,342.0
42448578,785.0
42448578,736.0
42448578,551.0
42448578,726.0
42448578,196.0
42448578,373.0
42448578,429.0
42448578,640.0
42448578,276.0
42448578,256.0
42448578,407.0
42448578,355.0
42448578,493.0
42448578,176.0
42448578,390.0
42448578,383.0
42448578,596.0
42448578,397.0
42448578,569.0
42448578,234.0
42448578,500.0
42448578,407.0
42448578,810.0
42448578,564.0
42448578,365.0
42448578,365.0
42448578,322.0
42448578,603.0
42448578,273.0
42448578,413.0
42448578,197.0
42448578,803.0
42448578,442.0
42448578,287.0
42448578,425.0
42448578,502.0
42448578,396.0
42448578,332.0
42448578,274.0
42448578,547.0
42448578,252.0
42448578,449.0
42448578,513.0
42448578,487.0
42448578,353.0
42448578,481.0
42448578,347.0
42448578,327.0
42448578,425.0
42448578,463.0
42448578,226.0
42448578,193.0
42448578,249.0
42448578,292.0
42448578,145.0
42448578,103.0
42448578,220.0
42448578,359.0
42448578,807.0
42448578,120.0
42448578,129.0
42448578,368.0
42448578,174.0
42448578,311.0
42448578,150.0
42448578,176.0
42448578,259.0
42448578,202.0
42448578,649.0
42448578,719.0
42448578,468.0
42448578,490.0
42448578,172.0
42448578,220.0
42448578,373.0
42448578,53.0
42448578,459.0
42448578,244.0
42448578,276.0
42448578,429.0
42448578,508.0
42448578,574.0
42448578,483.0
42448578,467.0
42448578,550.0
42448578,526.0
42448578,319.0
42448578,279.0
42448578,192.0
42448578,613.0
42448578,598.0
42448578,224.0
42448578,462.0
42448578,256.0
42448578,331.0
42448578,775.0
42448578,372.0
42448578,387.0
42448578,397.0
42448578,397.0
42448578,419.0
42448578,546.0
42448578,308.0
42448578,241.0
42448578,424.0
42448578,778.0
42448578,447.0
42448578,472.0
42448578,767.0
42448578,821.0
42448578,107.0
42448578,444.0
42448578,536.0
