time,v_id,trip_utilisation
1170,0,0.6205128205128205
1199,44,0.4278565471226022
1219,116,0.1944216570959803
1283,19,0.544037412314887
1467,62,0.34355828220858897
1522,20,0.5019710906701709
1672,30,0.6405502392344498
1712,6,0.6063084112149533
1741,49,0.5278575531303848
1887,37,0.415474297827239
1936,34,0.577995867768595
1944,9,0.5426954732510288
2001,48,0.6381809095452274
2043,32,0.5854136074400391
2080,56,0.3817307692307692
2108,36,0.6655597722960152
2127,68,0.5223319228960978
2206,67,0.6314596554850408
2276,194,0.32381370826010547
2353,168,0.2851678708032299
2390,174,0.2790794979079498
2409,4,0.8086342880863429
2456,115,0.2992671009771987
2506,147,0.36432561851556267
2533,52,0.3106987761547572
2662,61,0.5976709241172051
2781,109,0.2218626393383675
2820,137,0.28936170212765955
2910,72,0.6821305841924399
3024,94,0.3637566137566138
3030,262,0.19933993399339933
3171,27,0.7089246294544308
3214,200,0.11449906658369632
3321,252,0.11924119241192412
3433,347,0.1937081270026216
3496,154,0.23541189931350115
3513,189,0.318246512951893
3523,351,0.09196707351688901
3534,185,0.13412563667232597
3602,269,0.25818989450305385
3671,137,0.6674500587544065
3699,113,0.2484455258177886
3732,163,0.5235798499464094
3777,65,0.38443208895949166
3780,28,0.17777777777777778
3863,396,0.19026663215117784
3927,213,0.15075120957473898
4066,471,0.12715199212985737
4141,60,0.12026080656846172
4305,379,0.34610917537746805
4362,40,0.41632278771205866
4425,125,0.336271186440678
4427,99,0.08131917777275807
4446,295,0.1142600089968511
4538,160,0.6710004407227854
4543,251,0.4166850099053489
4674,298,0.1581086863500214
4747,326,0.3621234463871919
4752,31,0.23085016835016836
4795,210,0.1589155370177268
4814,449,0.22309929372663065
4820,216,0.17136929460580913
4889,491,0.18122315401922684
4938,279,0.03645200486026731
5141,44,0.13140537798072044
5160,63,0.19147286821705425
5175,407,0.08966183574879227
5213,108,0.028006905812392097
5218,495,0.23438098888463013
5284,213,0.21002210759027265
5286,84,0.09477866061293984
5334,453,0.048931383577052866
5353,354,0.16943769848682982
5401,138,0.09887057952231068
5447,12,0.0954653937947494
5491,179,0.1087233655071936
5521,308,0.11139286361166455
5562,161,0.11290902553038476
5569,239,0.25695816124977555
5641,482,0.05194114518702358
5761,184,0.08661690678701614
5786,321,0.2153473902523332
5802,256,0.11082385384350224
5860,220,0.08737201365187713
6023,464,0.12850738834467873
6078,176,0.10463968410661402
6105,340,0.14398034398034398
6160,262,0.21118210862619807
6169,401,0.11249797373966607
6222,110,0.03792992606878817
6251,46,0.0671892497200448
6294,453,0.5416666666666666
6300,66,0.30238095238095236
6308,228,0.06737476220672162
6325,334,0.09422924901185771
6332,252,0.25473264696114245
6344,143,0.20917402269861285
6385,305,0.04573218480814409
6455,351,0.17496589358799455
6496,32,0.10936447338872671
6549,368,0.2779050236677355
6554,215,0.05859017393957888
6557,335,0.23715113619033096
6602,223,0.13283853377764313
6604,216,0.4977578475336323
6636,469,0.08936106088004822
6682,425,0.1812331637234361
6684,70,0.1615798922800718
6693,458,0.2672941879575676
6716,52,0.1678221372220894
6753,414,0.21634828964904487
6831,129,0.02444737227345923
6883,336,0.07758244951329363
6889,118,0.05603135433299463
6902,172,0.06997971602434078
6929,370,0.4814547553759561
6930,301,0.11991341991341992
6992,108,0.2029229904440697
7003,152,0.1142367556761388
7010,114,0.11283880171184023
7024,389,0.10663439635535307
7028,232,0.27148548662492883
7045,249,0.09297374024130589
7049,64,0.06412257057738686
7058,0,0.09952445652173914
7085,133,0.08496824276640791
7086,177,0.038244425627998874
7088,18,0.11724040632054177
7090,428,0.1159379407616361
7123,475,0.11399691141373017
7153,47,0.07367538095903817
7154,338,0.14956667598546267
7175,491,0.2541557305336833
7202,406,0.05734518189391836
7223,106,0.19742489270386265
7229,56,0.0796271120605943
7261,303,0.06390304365789837
7281,422,0.17799752781211373
7296,46,0.6755980861244019
7331,339,0.16846269267494202
7377,319,0.0923139487596584
7470,28,0.5699186991869919
7500,78,0.07626666666666666
7508,318,0.10095897709110283
7518,205,0.15748869380154296
7521,343,0.14160351017151973
7547,380,0.15516099112230025
7562,432,0.0712774398307326
7564,412,0.09333685880486516
7574,352,0.14180089780829153
7577,84,0.24705368834570057
7608,457,0.06795478443743427
7609,386,0.09830463924300172
7626,202,0.43273013375295044
7638,279,0.22037037037037038
7668,390,0.05868544600938967
7699,92,0.19924665540979347
7715,239,0.2054986020503262
7733,438,0.0735807577912841
7743,183,0.15614103060829135
7746,486,0.052285050348567
7842,263,0.14205559806171894
7878,455,0.10713379030210714
7888,301,0.7390396659707724
7921,364,0.0945587678323444
7924,298,0.09569230769230769
7926,464,0.37782448765107723
7937,440,0.04951493007433539
7959,305,0.2128335451080051
7980,397,0.08145363408521303
7986,431,0.05810167793638868
7994,184,0.1625615763546798
8015,361,0.16306924516531504
8078,125,0.12592389816589106
8090,256,0.24431818181818182
8091,222,0.1196391051785935
8101,407,0.2932330827067669
8141,377,0.108709003807886
8151,200,0.12558233745189387
8151,136,0.04232609495767391
8185,422,0.6084070796460177
8215,99,0.26293558606124606
8221,307,0.042695535822892594
8229,229,0.09673107303439057
8234,399,0.06594607724070925
8234,132,0.04639300461501093
8253,177,0.7506426735218509
8274,375,0.016195310611554267
8289,318,0.8015364916773368
8294,414,0.25697598961713175
8329,284,0.11550006003121623
8332,312,0.10153624579932789
8352,496,0.0769875478927203
8412,113,0.16889454699766604
8414,308,0.1614241272035949
8459,65,0.17321657411362665
8460,228,0.7472118959107806
8463,155,0.12371499468273661
8463,97,0.07904998227578873
8477,27,0.09121748963437618
8522,300,0.060783853555503406
8522,457,0.4179431072210066
8535,220,0.2142056074766355
8547,56,0.9446130500758725
8567,335,0.2865671641791045
8624,331,0.03907699443413729
8646,470,0.25075179273652554
8659,262,0.20248099239695877
8673,398,0.13547791998155195
8692,37,0.0849375459221161
8701,324,0.05826916446385473
8729,429,0.09554359033108031
8736,486,0.7818181818181819
8736,352,0.6746987951807228
8740,108,0.9061784897025171
8741,12,0.23041894353369763
8769,481,0.042308130915725856
8799,144,0.052051369473803843
8799,436,0.033981134219797704
8807,338,0.26436781609195403
8812,292,0.07569223785746709
8815,311,0.20408394781622236
8825,374,0.09325779036827195
8829,210,0.1648487853247397
8834,376,0.13063165044147612
8845,142,0.15771622385528547
8860,148,0.26422121896162526
8863,185,0.09401388628260461
8878,118,0.2986425339366516
8881,250,0.05720076567954059
8882,183,0.5812115891132572
8885,105,0.10388294879009567
8912,43,0.06609066427289048
8948,179,0.25687011859994213
8955,115,0.06647176488690568
8964,102,0.09125390450691656
8969,464,0.5647171620325983
8989,106,0.3595696489241223
8992,438,0.4630659253375695
9018,84,0.28938237335183903
9020,248,0.07660753880266076
9026,194,0.08888888888888889
9028,59,0.21909614532565352
9028,100,0.08385024368630926
9034,213,0.12986666666666666
9043,177,0.4443037974683544
9044,414,0.7866666666666666
9053,180,0.05788136529327295
9067,368,0.16799046862589356
9069,218,0.16539861065167052
9078,459,0.05012117206433135
9143,96,0.07153013234168216
9146,466,0.04428165318171878
9147,316,0.036952006122225864
9158,215,0.16052227342549924
9161,397,0.4775613886536833
9167,244,0.031198865495800154
9174,339,0.5360824742268041
9188,228,0.5975274725274725
9224,431,0.7116316639741519
9267,408,0.05578936009496061
9271,427,0.2283464566929134
9272,119,0.12877480586712683
9276,461,0.04150495903406641
9280,64,0.15463917525773196
9282,136,0.865605658709107
9288,388,0.06847545219638243
9291,381,0.12904961790980518
9309,132,0.6130232558139534
9311,27,0.48081534772182255
9335,254,0.07766470273165506
9344,399,0.34594594594594597
9351,155,0.8243243243243243
9352,299,0.07142857142857142
9354,199,0.04960444729527475
9362,480,0.05842768639179662
9364,330,0.11853908586074327
9371,138,0.2982367758186398
9381,176,0.21011201937632457
9423,429,0.7997118155619597
9429,441,0.09099586382437162
9432,256,0.6847988077496274
9453,193,0.058711520152332594
9458,268,0.07697187566081624
9459,137,0.12266758811333794
9468,129,0.2764505119453925
9468,453,0.1956521739130435
9480,486,0.5228494623655914
9499,78,0.2851425712856428
9508,342,0.10033655868742111
9518,318,0.6273393002441009
9522,88,0.04736399915984037
9532,485,0.1406840117498951
9533,301,0.3750759878419453
9554,436,0.27947019867549666
9560,241,0.03922594142259414
9565,302,0.04192368008363827
9589,390,0.32795419052576785
9610,385,0.09885535900104059
9617,28,0.183977643223102
9633,475,0.3250996015936255
9638,458,0.233616298811545
9674,317,0.11422369237130453
9680,158,0.12324380165289256
9704,192,0.19218878812860676
9754,6,0.051604078587416065
9761,376,0.5889967637540453
9775,457,0.3455706304868316
9790,214,0.04290091930541369
9800,499,0.05071428571428571
9810,40,0.2263215859030837
9814,428,0.8917033773861968
9815,285,0.04391237901171676
9820,83,0.1615071283095723
9827,494,0.05729113666429225
9837,127,0.05367490088441598
9852,307,0.4457388105456775
9858,223,0.31848894348894347
9862,173,0.04644088420198743
9863,18,0.2281081081081081
9880,105,0.592964824120603
9892,150,0.05651031136271735
9907,65,0.7417127071823204
9910,455,0.65501968503937
9922,397,0.5505913272010512
9935,215,0.46332046332046334
9937,167,0.03421555801549764
9939,295,0.1287092663389769
9960,341,0.11636546184738956
9962,345,0.12156193535434652
9966,64,0.6647230320699709
9972,115,0.5909537856440511
9975,222,0.5567940552016986
9975,408,0.4689265536723164
9977,194,0.2618296529968454
9990,99,0.49352112676056337
9992,213,0.5146137787056367
9993,63,0.24912062900889717
9996,448,0.08113245298119248
10000,389,0.20766129032258066
10003,374,0.3921901528013582
10004,143,0.0912568306010929
10027,181,0.15548020345068317
10028,32,0.16874292185730463
10070,249,0.41421487603305784
10074,444,0.14314075838792933
10081,84,0.5230479774223895
10086,161,0.562555260831123
10090,4,0.12381200364535867
10105,96,0.6756756756756757
10107,38,0.22657564064509747
10116,153,0.0983590351917754
10121,159,0.22675624938247207
10174,144,0.5694545454545454
10174,478,0.08207194810300766
10177,447,0.07035472143067702
10180,151,0.10461689587426326
10187,218,0.629695885509839
10208,305,0.4246331702979102
10214,117,0.2344820834149207
10214,60,0.19331467149678908
10227,398,0.5328185328185329
10228,41,0.04389910050840829
10243,263,0.6351520199916701
10247,132,0.8400852878464818
10249,469,0.29532244672017716
10257,257,0.05449936628643853
10269,133,0.3489321608040201
10272,56,0.3536231884057971
10309,347,0.2697789412449098
10311,420,0.11065852002715547
10313,410,0.07185106176670222
10316,19,0.08524299789660135
10321,200,0.13870967741935483
10326,152,0.1287992777610593
10330,431,0.7468354430379747
10330,304,0.06776379477250725
10357,73,0.1770783045283383
10358,375,0.46497120921305185
10366,307,0.5214007782101168
10376,116,0.11837938189363328
10379,453,0.32930845225027444
10387,149,0.1567343795128526
10397,147,0.09314408820174883
10406,44,0.058499525166191835
10419,496,0.30720851475568456
10428,186,0.04382431914077484
10429,37,0.2251007484168106
10432,86,0.07083972392638037
10441,414,0.58840372226199
10449,262,0.482122905027933
10452,486,0.5370370370370371
10457,142,0.7531017369727047
10457,407,0.631578947368421
10471,422,0.18285214348206474
10472,180,0.35658914728682173
10493,376,0.43169398907103823
10504,20,0.10487641950567803
10508,466,0.6527165932452276
10509,185,0.5880923450789793
10518,250,0.5687232742822236
10542,148,0.43222354340071345
10550,172,0.3352521929824561
10555,389,0.5801801801801801
10561,416,0.10425149133604772
10564,173,0.7834757834757835
10574,381,0.3328137178487919
10582,136,0.4084615384615385
10595,484,0.24134025483718735
10596,324,0.6939313984168866
10597,238,0.06615079739548929
10603,311,0.7936241610738255
10603,350,0.07384702442704895
10614,251,0.09817163564486905
10622,125,0.23938679245283018
10622,188,0.12991903596309545
10627,330,0.9002375296912114
10631,68,0.2604656632173095
10632,461,0.2374631268436578
10642,436,0.15533088235294118
10645,143,0.45709828393135726
10655,2,0.08615673392773346
10666,343,0.13036565977742448
10668,222,0.4963924963924964
10672,119,0.5942857142857143
10673,403,0.08188887847840345
10681,194,0.265625
10706,38,0.7495826377295493
10710,291,0.049206349206349205
10713,67,0.053015163982602566
10715,138,0.7470238095238095
10719,272,0.13863233510588674
10721,219,0.0528868575692566
10725,187,0.07850815850815851
10740,388,0.9022038567493113
10743,192,0.42540904716073147
10749,480,0.6611391492429705
10756,259,0.11732986240238007
10758,447,0.5146299483648882
10761,338,0.10184237461617196
10761,499,0.7523413111342352
10768,168,0.0374331550802139
10775,189,0.06472046268245663
10781,383,0.0768017809108617
10782,231,0.2299202374327583
10792,317,0.38014311270125223
10806,144,0.754746835443038
10838,243,0.1175493633511718
10841,14,0.20210312701780278
10845,254,0.7887417218543047
10849,292,0.24496809032891506
10850,396,0.15457277801631603
10851,174,0.12220777685852736
10855,83,0.5458937198067633
10856,430,0.06033529845246868
10867,39,0.07444556915432042
10880,55,0.2213235294117647
10883,132,0.6918238993710691
10887,406,0.1807327001356852
10903,344,0.12363569659726681
10918,313,0.2245832570067778
10919,410,0.48514851485148514
10926,295,0.5785207700101317
10932,339,0.18373151308304891
10940,182,0.133363802559415
10953,257,0.3864942528735632
10971,94,0.1293569900591418
10973,42,0.08165497129317416
10978,158,0.3682588597842835
10985,299,0.6582976117575016
10988,495,0.14072790294627383
11007,18,0.7351398601398601
11009,455,0.7770700636942676
11018,85,0.009348339081502994
11022,432,0.19537572254335261
11042,364,0.35341236783082347
11045,192,0.09271523178807947
11051,448,0.5535545023696683
11056,355,0.027225036179450074
11062,269,0.08230563002680966
11074,351,0.08118640398354622
11075,491,0.11102564102564103
11099,36,0.1623846068290513
11118,112,0.05090843676920309
11119,96,0.4960552268244576
11130,138,0.3469879518072289
11136,239,0.2306343174510377
11157,34,0.11473809782019304
11160,328,0.08136200716845877
11167,170,0.07540073430643861
11171,375,0.5596555965559655
11172,391,0.13408521303258145
11173,478,0.6276276276276276
11174,129,0.8851113716295428
11179,342,0.3590664272890485
11183,252,0.18759018759018758
11186,345,0.5473856209150327
11190,155,0.3610657966286025
11203,199,0.7133585722011898
11206,423,0.09798322327324648
11206,193,0.43639475185396465
11224,341,0.5087025316455697
11237,147,0.45714285714285713
11238,465,0.051432639259654744
11246,62,0.11718989671745578
11250,481,0.6650544135429263
11256,401,0.23392962453312366
11265,114,0.2237367802585194
11275,107,0.2134811529933481
11279,451,0.11490380352868163
11281,176,0.44842105263157894
11282,20,0.5308483290488432
11296,354,0.23573952549217567
11297,386,0.09029284164859003
11314,467,0.03924341523775853
11314,236,0.05939543927876967
11315,397,0.4443646805455851
11317,46,0.12011937329022632
11320,379,0.1895937277263008
11329,429,0.3934942287513116
11332,49,0.10770514023563758
11332,88,0.7309392265193371
11334,475,0.4703115814226925
11339,228,0.6392375639237564
11341,279,0.2665406427221172
11360,66,0.1974308300395257
11360,173,0.5804020100502513
11364,394,0.04030271031326998
11370,205,0.35384215991692625
11373,184,0.15241195620005918
11376,37,0.8204857444561774
11379,302,0.6835722160970231
11380,389,0.5236363636363637
11398,12,0.2867896123447497
11411,319,0.3106098165592464
11411,150,0.6142198815009875
11411,137,0.5148565573770492
11415,225,0.11204555409548839
11418,8,0.081187598528639
11420,469,0.41332194705380015
11424,305,0.625
11427,263,0.5701013513513513
11427,485,0.7213720316622692
11427,299,0.5361990950226244
11431,143,0.7709923664122137
11439,440,0.7381496287835523
11448,472,0.0473445143256464
11448,331,0.39270538243626063
11450,307,0.6208487084870848
11481,235,0.041721104433411725
11483,194,0.6571072319201995
11484,161,0.7689556509298998
11495,402,0.09856459330143541
11495,241,0.8723514211886305
11501,498,0.08616642031127728
11507,214,0.3954571927781013
11514,459,0.2660098522167488
11537,350,0.5171306209850107
11548,136,0.4078674948240166
11553,183,0.7102208910520404
11566,450,0.1123119488154937
11567,149,0.7194915254237289
11568,420,0.7175815433571997
11569,180,0.5624430264357339
11570,480,0.587088915956151
11570,324,0.47433264887063653
11576,48,0.20657963446475197
11583,494,0.7796127562642369
11586,52,0.09753593429158111
11586,128,0.11229069566718454
11588,44,0.48815566835871405
11591,211,0.08316797515313605
11597,216,0.10314440216302824
11599,308,0.26153846153846155
11601,113,0.09125117591721543
11603,412,0.7610794751176033
11604,119,0.7714592274678111
11613,423,0.7248157248157249
11632,32,0.8248129675810474
11637,238,0.7192307692307692
11664,383,0.6783691959229898
11667,190,0.14699580011999658
11668,221,0.21186150154268082
11669,256,0.8059901654000894
11671,259,0.6863387978142077
11678,5,0.0673916766569618
11688,270,0.11387748117727584
11693,254,0.4481132075471698
11702,461,0.4542056074766355
11707,125,0.27557603686635945
11721,99,0.3512420566146736
11742,43,0.8901060070671378
11746,438,0.5856935366739289
11747,453,0.5986842105263158
11750,39,0.7802944507361268
11750,390,0.8616381304951412
11751,377,0.2554016620498615
11755,188,0.5728155339805825
11759,447,0.3966033966033966
11762,133,0.7729403884795714
11768,291,0.3771266540642722
11769,110,0.21074454660176672
11775,144,0.718266253869969
11791,249,0.7704822777454968
11795,234,0.02390843577787198
11798,261,0.12112222410578063
11801,64,0.470299727520436
11802,346,0.13641755634638197
11820,431,0.7241610738255033
11823,262,0.6499272197962155
11824,187,0.6824385805277525
11829,339,0.4916387959866221
11829,364,0.7814485387547649
11833,359,0.04614214484915068
11834,79,0.1211762717593375
11835,304,0.626578073089701
11845,486,0.4314429289303661
11846,484,0.43565147881694644
11852,40,0.5146914789422136
11857,286,0.08484439571561103
11881,19,0.4057507987220447
11898,152,0.26590330788804073
11910,422,0.6157053509381515
11921,430,0.3615023474178404
11922,6,0.3556273062730627
11925,425,0.26149151249284763
11926,347,0.5726654298082869
11939,361,0.12716615698267075
11959,182,0.48086359175662413
11960,495,0.7983539094650206
11961,179,0.6511782276800531
11965,192,0.7358695652173913
11970,29,0.16942355889724312
11972,401,0.5572625698324022
11974,94,0.7666999002991027
11983,317,0.7573467674223342
11986,400,0.0695811780410479
12005,28,0.419179229480737
12005,301,0.21318770226537218
12011,376,0.7061923583662714
12014,349,0.095804894289995
12019,292,0.4324786324786325
12033,105,0.8369716674407803
12039,18,0.6947674418604651
12042,12,0.45652173913043476
12046,63,0.38139308329274235
12066,54,0.024283109564064313
12068,472,0.41774193548387095
12069,403,0.45916905444126077
12082,396,0.5487012987012987
12089,242,0.19472247497725204
12092,169,0.05962619913992723
12094,373,0.1222093600132297
12124,132,0.6881547139403706
12132,399,0.21951219512195122
12147,92,0.20750899280575538
12150,457,0.791578947368421
12152,344,0.6349079263410728
12154,225,0.6792963464140731
12159,167,0.8271827182718272
12162,84,0.2359442575684767
12173,190,0.7213438735177866
12185,471,0.19571375785195222
12187,158,0.4557485525227461
12193,150,0.5882352941176471
12196,114,0.7669172932330827
12216,459,0.47150997150997154
12218,478,0.7913875598086124
12220,248,0.185625
12234,67,0.6877054569362262
12237,350,0.62
12240,73,0.8513011152416357
12253,204,0.10307679751897494
12255,416,0.5395513577331759
12260,61,0.14221712856845176
12267,410,0.7492581602373887
12274,499,0.6001321877065433
12275,14,0.7754532775453278
12281,384,0.04592459897402491
12284,482,0.24281198253800992
12286,464,0.49201085318058485
12290,268,0.4247881355932203
12292,193,0.7578268876611418
12293,294,0.13202635646302774
12298,47,0.1891156462585034
12300,199,0.6308113035551504
12305,155,0.5650224215246636
12310,299,0.5379388448471121
12313,44,0.7296551724137931
12329,46,0.658102766798419
12330,78,0.15330271988696573
12331,59,0.33272782319103844
12338,104,0.03412222402334252
12343,308,0.4879032258064516
12344,243,0.5776892430278885
12346,148,0.6130820399113082
12353,406,0.6739427012278308
12357,213,0.22325581395348837
12367,136,0.5738705738705738
12367,342,0.2904040404040404
12369,75,0.040261945185544504
12378,305,0.5765199161425576
12380,420,0.5197044334975369
12400,200,0.455026455026455
12403,144,0.8773885350318471
12411,153,0.25664488017429193
12416,480,0.8014184397163121
12424,168,0.5754830917874396
12431,96,0.8460365853658537
12440,126,0.03303858520900321
12448,16,0.02144922879177378
12462,118,0.6280691964285714
12463,343,0.6438508625486923
12467,142,0.4263681592039801
12481,189,0.7157092614302462
12481,489,0.15968271773095105
12491,257,0.7074122236671001
12491,94,0.5667311411992263
12495,336,0.3909479686386315
12497,466,0.3162393162393162
12508,397,0.5892707460184409
12509,157,0.08385962107282756
12509,494,0.652267818574514
12511,238,0.631578947368421
12521,411,0.16763836754252856
12522,2,0.4740224959828602
12524,31,0.04825012866700978
12525,318,0.1366810774858663
12540,129,0.5439238653001464
12544,364,0.7328671328671329
12568,380,0.18980282812188806
12570,223,0.7101769911504425
12572,127,0.7115173674588665
12573,91,0.09353376282510141
12574,458,0.30415531335149865
12576,295,0.4793939393939394
12580,52,0.5392354124748491
12584,488,0.10060394151303242
12585,402,0.7165137614678899
12590,331,0.7653239929947461
12595,293,0.05470424771734815
12609,270,0.4180238870792617
12615,83,0.7977272727272727
12620,394,0.410828025477707
12621,345,0.7547038327526132
12631,261,0.5438175270108043
12636,386,0.5802837938760269
12639,242,0.49454545454545457
12655,365,0.05610430659818254
12660,471,0.45263157894736844
12661,389,0.6510538641686182
12663,198,0.09989733870330886
12673,35,0.018780083642389332
12676,187,0.9401408450704225
12702,354,0.5455192034139402
12705,263,0.46087636932707354
12706,396,0.5384615384615384
12711,84,0.3806921675774135
12720,391,0.7835917312661499
12726,116,0.568936170212766
12733,188,0.6226993865030674
12747,351,0.502092050209205
12752,431,0.38090128755364805
12754,259,0.7645429362880887
12756,291,0.4848178137651822
12757,446,0.13059496746884064
12761,302,0.6917510853835022
12764,491,0.5559502664298401
12765,60,0.3453547628381027
12773,437,0.05840444688013779
12776,154,0.08318965517241379
12779,79,0.39470899470899473
12781,361,0.6864608076009501
12782,329,0.06689094038491629
12789,294,0.46774193548387094
12806,172,0.7770390070921985
12819,138,0.6583777383066903
12821,339,0.6169354838709677
12825,252,0.6485992691839221
12836,326,0.04042526888366918
12841,41,0.5005740528128588
12845,403,0.44458762886597936
12849,88,0.6631509558338826
12849,38,0.5039664022398507
12853,418,0.09709795378510853
12857,254,0.35051546391752575
12865,485,0.694019471488178
12868,330,0.34091923248549755
12885,248,0.5759398496240602
12887,498,0.5447330447330447
12890,221,0.5130932896890343
12894,269,0.6277292576419214
12901,94,0.5219512195121951
12904,211,0.5628332063975628
12915,149,0.41839762611275966
12932,459,0.38268156424581007
12933,110,0.6580756013745704
12938,337,0.07365898902457876
12949,401,0.7318321392016377
12958,137,0.6942469295410472
12958,404,0.13312239543139373
12967,461,0.7865612648221344
12973,194,0.5697986577181208
12977,349,0.5773624091381101
12979,450,0.7331917905166313
12979,225,0.7890909090909091
12990,490,0.03702848344880678
12991,423,0.5312046444121916
12996,29,0.4444444444444444
13000,240,0.042846153846153846
13002,204,0.6582109479305741
13012,242,0.47989276139410186
13015,448,0.7107942973523421
13018,373,0.7554112554112554
13019,332,0.0688224902066211
13019,268,0.3991769547325103
13031,39,0.644808743169399
13036,429,0.7176332747510252
13047,5,0.5697589481373265
13050,243,0.6062322946175638
13050,92,0.5204872646733112
13053,114,0.46091015169194866
13055,325,0.15082343929528916
13055,447,0.7546296296296297
13069,319,0.755729794933655
13069,293,0.11181434599156118
13071,95,0.11766506005661388
13089,338,0.31872852233676974
13094,87,0.033144951886360165
13094,132,0.6288659793814433
13097,390,0.6748329621380846
13110,246,0.10411899313501144
13126,46,0.6223337515683814
13129,173,0.19389485585076313
13134,144,0.47606019151846785
13136,451,0.8298330640818524
13141,112,0.8690064260998517
13154,157,0.4356589147286822
13159,235,0.6787842669845053
13167,496,0.14592430858806404
13167,67,0.4362272240085745
13169,189,0.5944767441860465
13175,383,0.5387160820648577
13175,143,0.6353211009174312
13181,438,0.8543554006968641
13190,430,0.5862884160756501
13198,216,0.7514053716427233
13209,155,0.47345132743362833
13220,362,0.1466717095310136
13220,405,0.1083963691376702
13232,469,0.6263796909492274
13244,175,0.1719269102990033
13252,494,0.9488559892328399
13264,161,0.7101123595505618
13266,284,0.09236378367429614
13267,121,0.10409286198839225
13291,8,0.5595301655098772
13296,30,0.16319683413626979
13301,48,0.456231884057971
13311,49,0.32036382011116726
13318,116,0.7820945945945946
13323,486,0.5054127198917456
13325,152,0.9046951646811493
13327,57,0.01830869663089968
13331,256,0.32190132370637786
13336,274,0.09335632873425315
13337,83,0.3975069252077562
13345,197,0.09913825402772573
13349,419,0.1472769495842385
13363,300,0.16773393926874614
13383,192,0.6473906911142454
13393,355,0.8968763371844245
13402,400,0.6624293785310734
13403,292,0.44147398843930635
13409,182,0.5924137931034483
13409,19,0.6721204188481675
13412,228,0.6116739025566812
13414,364,0.5206896551724138
13428,308,0.5511520737327189
13431,278,0.05539423721241903
13431,480,0.39507389162561574
13434,234,0.5661989017693716
13440,214,0.677703052250388
13453,128,0.6148901981788967
13463,406,0.6936936936936937
13465,14,0.6571428571428571
13466,312,0.37631476431632255
13469,185,0.6888513513513513
13474,222,0.5848182466143977
13482,97,0.43693962940824865
13484,238,0.8273381294964028
13489,195,0.1648009489213433
13490,125,0.42793045429052157
13490,416,0.46234817813765183
13492,262,0.6171360095865788
13512,347,0.6128625472887768
13516,482,0.7069805194805194
13545,374,0.46809712027103334
13547,220,0.47426177174780526
13551,198,0.6497747747747747
13573,99,0.4449244060475162
13573,211,0.2929745889387145
13576,6,0.841596130592503
13580,20,0.49434290687554394
13583,171,0.08113082529632629
13589,471,0.6630785791173305
13590,229,0.38145868308151465
13606,115,0.14171711612548157
13611,241,0.3832703213610586
13620,491,0.7406542056074766
13622,281,0.07840258405520481
13624,153,0.6347897774113768
13624,402,0.5101058710298364
13639,205,0.9131776112825033
13655,168,0.4061738424045491
13658,453,0.8032443746729461
13658,350,0.6150598170302604
13664,414,0.10797393732547317
13669,9,0.15991471215351813
13675,436,0.8358061325420376
13676,314,0.04138637028370869
13677,411,0.5432525951557093
13686,345,0.47699530516431926
13687,295,0.5904590459045904
13688,398,0.24501589136087837
13692,422,0.6066217732884399
13699,176,0.2572373862696443
13705,330,0.5734767025089605
13723,124,0.054069809808350945
13729,475,0.524008350730689
13730,193,0.49235048678720444
13731,377,0.3191919191919192
13737,231,0.3458544839255499
13740,396,0.6402321083172147
13744,219,0.6175984121733378
13745,248,0.5767441860465117
13748,489,0.44435674822415155
13755,446,0.7124248496993988
13758,298,0.32104902296880355
13759,361,0.5531697341513292
13766,441,0.5300899239105372
13783,379,0.30613073487616727
13783,437,0.7762376237623763
13783,52,0.24688279301745636
13784,254,0.6558791801510249
13784,404,0.5460048426150121
13790,472,0.8164924506387921
13800,410,0.5668623613829094
13802,354,0.5918181818181818
13809,243,0.6126482213438735
13817,481,0.5407089988313206
13824,221,0.8779443254817987
13831,149,0.5906113537117904
13851,210,0.21107128634010355
13851,430,0.6127080181543116
13854,73,0.6096654275092936
13854,67,0.7569141193595342
13855,95,0.6709183673469388
13857,251,0.1461609620721554
13873,484,0.6813024173655648
13884,50,0.09636992221261884
13885,495,0.7818181818181819
13885,386,0.7750200160128102
13887,466,0.8676258992805755
13890,344,0.5552359033371692
13890,435,0.09690424766018718
13894,129,0.6019202363367799
13897,78,0.47479259731971923
13899,449,0.07561915244909191
13908,486,0.7811965811965812
13911,401,0.553014553014553
13911,403,0.574108818011257
13914,0,0.10837222870478413
13915,165,0.05425799496945742
13916,126,0.6429539295392954
13925,224,0.10096947935368043
13926,432,0.6353305785123967
13927,400,0.38285714285714284
13930,460,0.12699210337401293
13930,235,0.41893644617380027
13931,331,0.7248322147651006
13932,373,0.6203501094091903
13933,488,0.6501111934766494
13936,127,0.6884164222873901
13938,380,0.7883211678832117
13964,440,0.6780198019801981
13971,307,0.7560491868306227
13981,106,0.2205528846153846
13982,270,0.7902403495994174
13988,225,0.49454905847373637
13989,304,0.5389972144846796
13989,419,0.5390625
13993,451,0.7234539089848308
13995,175,0.6671105193075899
13995,94,0.6809872029250457
14005,40,0.43985137018114256
14016,96,0.21009463722397476
14021,286,0.6561922365988909
14023,199,0.7092280905397562
14024,342,0.7748943874471937
14029,296,0.12017962791360753
14032,240,0.42344961240310075
14040,72,0.0853548966756514
14040,375,0.2913907284768212
14045,172,0.8765133171912833
14052,31,0.5654450261780105
14062,465,0.3778328611898017
14076,12,0.6597836774827925
14077,291,0.5412566237698713
14079,298,0.6947040498442367
14081,450,0.8121597096188747
14082,176,0.8590078328981723
14083,4,0.16954670673678937
14086,194,0.8607367475292004
14087,371,0.13608291332434158
14092,64,0.2536010475774771
14103,434,0.13982840530383606
14107,397,0.8167604752970606
14110,294,0.700227100681302
14123,2,0.7207995003123048
14129,242,0.7054610564010743
14136,17,0.17692416525183927
14143,27,0.3934188741721854
14150,408,0.07497005988023953
14155,383,0.4520408163265306
14158,267,0.04301455007769459
14163,346,0.9076662431173231
14168,318,0.6555082166768107
14171,293,0.6079854809437386
14171,303,0.36555716353111434
14172,423,0.890770533446232
14174,215,0.28686010851615945
14175,351,0.6624649859943977
14177,38,0.6385542168674698
14184,250,0.516366612111293
14194,420,0.5782800441014333
14197,218,0.2835411471321696
14201,241,0.6661016949152543
14201,124,0.6171548117154811
14211,337,0.42498036135113904
14221,253,0.12136980521763589
14224,461,0.5958631662688942
14227,407,0.3076923076923077
14232,46,0.6220614828209765
14239,268,0.8229508196721311
14249,161,0.700507614213198
14250,277,0.1016140350877193
14250,302,0.5554063129617193
14251,170,0.564526588845655
14282,36,0.1429469054351241
14287,26,0.0581647651711346
14295,189,0.7353463587921847
14304,128,0.33137485311398357
14323,394,0.7874339401056958
14333,368,0.12381314090391189
14337,336,0.6688382193268186
14349,338,0.5896825396825397
14359,56,0.12233912405187179
14360,319,0.7420604182804028
14364,47,0.3233301064859632
14372,455,0.1415402914064823
14375,184,0.35509660226515655
14375,298,0.48986486486486486
14386,120,0.11497289031002364
14388,29,0.5201149425287356
14393,401,0.7053941908713693
14393,121,0.22291296625222023
14394,335,0.2744122189806075
14394,154,0.21199011124845488
14399,133,0.534319302237391
14406,425,0.7464731962918179
14407,355,0.5641025641025641
14410,332,0.807332854061826
14415,249,0.8086890243902439
14415,261,0.7449551569506726
14417,443,0.04577928834015398
14423,148,0.7534906114588349
14437,333,0.11311214241185842
14445,174,0.4749582637729549
14455,93,0.028363887928052577
14455,281,0.575030012004802
14457,197,0.49550359712230213
14457,453,0.5331664580725908
14459,150,0.8053839364518977
14464,324,0.530062197650311
14469,182,0.5688679245283019
14474,199,0.6319290465631929
14474,265,0.09416885449772006
14474,9,0.5503105590062112
14477,50,0.5649241146711635
14488,90,0.08586416344561015
14525,498,0.6672771672771672
14527,412,0.6357729138166894
14528,259,0.33990980834272827
14533,52,0.6106666666666667
14539,423,0.5994550408719346
14545,481,0.5796703296703297
14550,466,0.5942684766214178
14562,482,0.615678776290631
14572,200,0.6988950276243094
14572,326,0.6244239631336406
14578,400,0.7127496159754224
14581,48,0.3265625
14598,192,0.6757201646090535
14599,206,0.06740187684087952
14601,134,0.04246284501061571
14613,314,0.4183564567769477
14620,239,0.189150401836969
14624,64,0.6015037593984962
14627,341,0.2635909491625037
14629,159,0.09982253771073647
14632,375,0.9054054054054054
14639,173,0.4205298013245033
14639,486,0.5950752393980848
14644,102,0.19507042253521126
14649,323,0.11434227592327122
14655,352,0.3863828349383342
14671,312,0.570954356846473
14674,445,0.06494480032710917
14680,145,0.054700272479564035
14682,132,0.6259445843828715
14685,441,0.5549510337323177
14687,210,0.5598086124401914
14688,248,0.735949098621421
14689,381,0.32369380315917373
14695,235,0.4718954248366013
14699,0,0.5961783439490446
14700,176,0.5210355987055016
14709,467,0.608541973490427
14713,30,0.7325335215243473
14713,349,0.8980414746543779
14715,274,0.4249456127628716
14720,489,0.6666666666666666
14727,416,0.7275666936135813
14733,478,0.3101391650099404
14733,469,0.7481678880746169
14734,321,0.2151318730442557
14736,193,0.5715705765407555
14738,191,0.205998100149274
14740,179,0.6818999640158331
14743,406,0.846875
14744,54,0.21247199402539207
14749,494,0.706746826987308
14755,243,0.6997885835095138
14757,390,0.555421686746988
14759,43,0.06297646668876367
14765,204,0.6630743051616562
14775,345,0.5206611570247934
14778,2,0.8427480916030534
14783,297,0.07319218020699451
14785,263,0.7677884615384616
14786,333,0.9111747851002865
14792,62,0.4038353073886069
14798,194,0.7584269662921348
14800,195,0.6483600305110603
14802,70,0.04089677260408968
14802,60,0.8497790868924889
14809,19,0.7692857142857142
14814,317,0.4327092900035323
14820,328,0.24207650273224043
14822,483,0.053366617190662526
14833,44,0.6079365079365079
14834,316,0.09372252505714788
14836,491,0.6842105263157895
14837,295,0.6965217391304348
14850,241,0.8305084745762712
14855,459,0.5819032761310452
14855,224,0.47096774193548385
14857,125,0.7117776152158011
14858,155,0.5827774408732566
14862,354,0.7632075471698113
14869,147,0.15088105726872247
14879,308,0.6636802205375603
14882,8,0.6819610307982401
14883,167,0.8105726872246696
14884,166,0.09385917764041925
14891,281,0.518348623853211
14892,472,0.5644283121597096
14897,275,0.1049204537826408
14899,256,0.7213010204081632
14901,373,0.7048503611971104
14906,496,0.8625646923519263
14914,108,0.2055393586005831
14914,55,0.07709469509172037
14917,468,0.033853992089562246
14917,380,0.5454545454545454
14919,434,0.5098039215686274
14927,365,0.6536091549295775
14928,301,0.17721518987341772
14932,362,0.8352803738317757
14937,96,0.5863192182410424
14940,61,0.6440298507462686
14941,369,0.0865403922093568
14943,480,0.5985449735449735
14945,458,0.6722901729228173
14949,495,0.6522556390977443
14951,116,0.7366809552969994
14957,63,0.24218481621435933
14971,257,0.839516129032258
14973,240,0.7598299681190224
14978,253,0.6116248348745046
14981,77,0.07636339363193378
14981,144,0.6881429344883595
14987,399,0.6294220665499124
14989,65,0.2662337662337662
14989,57,0.8856799037304453
15000,300,0.710445937690898
15009,431,0.5387682764731945
15009,104,0.6637963309621865
15023,91,0.7457142857142857
15025,5,0.5687563195146613
15031,58,0.11143636484598496
15041,137,0.599615938550168
15046,340,0.08578458785370764
15047,186,0.33795193764884174
15048,95,0.6873428331936295
15049,188,0.7253886010362695
15053,379,0.7031496062992126
15055,20,0.29694915254237286
15067,66,0.2344213649851632
15070,28,0.14486133768352366
15077,449,0.4371816638370119
15083,126,0.7317909168808912
15087,177,0.1772005294506949
15091,151,0.19547953573610263
15093,113,0.20017182130584193
15095,405,0.6816
15100,482,0.7565055762081785
15112,404,0.5632530120481928
15118,444,0.08703409992069785
15120,293,0.6617492096944152
15122,410,0.6354009077155824
15122,221,0.9129429892141756
15132,175,0.9102902374670184
15133,386,0.8084935897435898
15134,318,0.6821946169772257
15136,446,0.8305575669804489
15140,371,0.6096866096866097
15143,351,0.4855371900826446
15145,52,0.6568627450980392
15156,239,0.5615671641791045
15157,207,0.04585340106881309
15157,247,0.055881770798970776
15164,397,0.8382213812677389
15165,231,0.4964985994397759
15171,79,0.6872909698996655
15172,364,0.39476678043230945
15178,419,0.7813288477712363
15178,331,0.7722534081796311
15181,305,0.5137352836246878
15182,154,0.7969543147208121
15184,92,0.7492970946579194
15188,27,0.5129186602870813
15191,321,0.6389496717724289
15202,185,0.26947489901904215
15208,78,0.7276887871853547
15218,384,0.7994552264215186
15221,278,0.7268156424581006
15222,127,0.6119751166407466
15225,182,0.7129629629629629
15231,490,0.7568049977688532
15241,330,0.8352864583333334
15242,80,0.07282508857105367
15243,243,0.7786885245901639
15262,198,0.592051431911163
15263,168,0.3849502487562189
15271,440,0.8530986993114001
15272,121,0.6962457337883959
15278,284,0.5656063618290258
15281,84,0.29961089494163423
15295,117,0.46309781539067113
15302,172,0.6308671439936356
15303,236,0.13211331160691903
15307,46,0.7106976744186047
15315,216,0.8205007085498347
15316,30,0.7728026533996684
15317,391,0.8201771274547555
15317,118,0.30297723292469353
15319,270,0.712789827973074
15324,171,0.6576680068925904
15329,106,0.6313056379821959
15343,435,0.6104611149346181
15352,200,0.658974358974359
15355,142,0.3538781163434903
15356,450,0.6564705882352941
15364,400,0.8231552162849872
15366,234,0.5129399585921325
15371,108,0.6214442013129103
15381,329,0.8641785302039245
15381,478,0.6666666666666666
15384,361,0.6467692307692308
15391,42,0.46129470348574014
15396,447,0.6903032891926527
15414,319,0.25616698292220114
15415,29,0.6592015579357352
15421,277,0.4628522630230572
15426,83,0.3437051220679751
15427,407,0.7425
15431,238,0.6070878274268104
15433,394,0.6234234234234234
15442,298,0.6223055295220243
15443,190,0.9039755351681957
15450,303,0.5019546520719312
15451,341,0.5169902912621359
15458,481,0.7031763417305587
15465,291,0.7211815561959655
15467,90,0.6639427987742594
15469,149,0.6135531135531136
15481,488,0.627906976744186
15496,304,0.8911745189117452
15497,377,0.2587768969422424
15498,480,0.8144144144144144
15502,402,0.7374866879659212
15507,396,0.6593095642331636
15507,183,0.07789580171977745
15508,9,0.47775628626692457
15512,307,0.5055158987670344
15513,99,0.7829896907216495
15515,460,0.501577287066246
15516,368,0.555367709213863
15518,49,0.7449025826914364
15520,157,0.7379543533389687
15525,362,0.5581787521079258
15527,280,0.08900624718232755
15534,461,0.6541984732824427
15544,97,0.5916585838991271
15547,355,0.6824561403508772
15555,302,0.35172413793103446
15560,354,0.6862464183381088
15560,55,0.6021671826625387
15571,296,0.5570687418936446
15580,110,0.7706837929731771
15583,352,0.30280172413793105
15592,416,0.6104046242774567
15601,257,0.8111111111111111
15602,468,0.4978102189781022
15603,373,0.7863247863247863
15615,219,0.5750935328701229
15622,334,0.17747660535656665
15622,124,0.6819141449683321
15623,403,0.6261682242990654
15639,170,0.611671469740634
15641,93,0.709106239460371
15650,387,0.0465814696485623
15653,417,0.07270171852041142
15671,147,0.5748129675810474
15678,441,0.676737160120846
15682,423,0.6202974628171478
15682,17,0.5135834411384217
15693,458,0.7419786096256684
15697,374,0.5752788104089219
15701,485,0.22566995768688294
15701,159,0.582089552238806
15706,299,0.36984687868080096
15706,446,0.6719298245614035
15707,56,0.6632047477744807
15707,332,0.5844255975327679
15709,366,0.111019160990515
15710,62,0.5326797385620915
15715,48,0.43562610229276894
15719,14,0.6082519964507542
15721,420,0.6201702685003274
15723,359,0.39640102827763496
15723,422,0.22895125553914328
15727,489,0.6524329692154915
15728,389,0.08086077600260841
15730,173,0.7497708524289642
15735,230,0.09189704480457579
15743,338,0.6004304160688666
15743,241,0.5901455767077267
15745,233,0.09965068275643062
15745,476,0.0939980946332169
15758,213,0.30402822699206117
15759,408,0.8993163455562461
15769,337,0.5847240051347882
15770,378,0.13272035510462904
15771,102,0.5696539485359361
15771,432,0.8764227642276423
15774,158,0.17061611374407584
15783,445,0.6140667267808837
15789,113,0.5617816091954023
15792,4,0.7899356348741955
15799,401,0.8655761024182077
15807,43,0.3244274809160305
15815,218,0.6804697156983931
15819,94,0.5553728070175439
15830,69,0.09886291850915982
15831,274,0.6245519713261649
15834,451,0.5616512764801738
15836,317,0.6360078277886497
15841,357,0.03705574143046525
15846,443,0.4996501049685094
15851,205,0.2255877034358047
15852,231,0.5240174672489083
15856,41,0.7681592039800995
15861,469,0.2198581560283688
15864,475,0.7334894613583138
15865,434,0.5105708245243129
15866,204,0.5031789282470481
15866,165,0.7232188621219887
15867,323,0.6962233169129721
15871,70,0.5444340505144996
15878,281,0.5430597771023303
15881,101,0.05390088785340973
15883,386,0.7373333333333333
15888,331,0.6887323943661972
15890,100,0.155202564849898
15895,316,0.6456173421300659
15900,311,0.36586747215404947
15904,411,0.8976201167489897
15905,98,0.032882741276328196
15907,91,0.6979638009049773
15909,203,0.11798353133446476
15923,136,0.23397075365579303
15927,404,0.49693251533742333
15930,6,0.7234494477485132
15930,224,0.6176744186046511
15932,298,0.6551020408163265
15933,107,0.2921854873336196
15933,50,0.6222527472527473
15933,491,0.7174111212397447
15942,189,0.7595628415300546
15944,150,0.6188552188552189
15947,12,0.8711918760021379
15951,457,0.2315180215732702
15952,400,0.7908163265306123
15961,138,0.18746021642266072
15963,253,0.5096446700507614
15972,486,0.6369092273068268
15977,340,0.8313641245972073
15978,8,0.8385036496350365
15982,335,0.7720403022670025
15985,186,0.4840085287846482
15988,286,0.5088967971530249
15988,235,0.49729311678267596
15992,430,0.8393274170948155
15998,64,0.673216885007278
16002,345,0.5183374083129584
16003,470,0.31887997825200487
16004,31,0.6716188524590164
16004,498,0.7187288708586883
16012,39,0.8238846024823885
16013,212,0.0691313307937301
16016,324,0.34987113402061853
16017,109,0.18495013599274707
16020,108,0.7010785824345146
16032,448,0.8975803778588002
16038,471,0.8987341772151899
16057,175,0.6432432432432432
16060,197,0.6425452276980661
16062,184,0.5548310610551275
16064,292,0.8380308154829011
16067,390,0.3900763358778626
16070,301,0.7320490367775832
16073,211,0.6488
16079,145,0.6275911365260901
16091,250,0.5873099108547457
16097,268,0.686221743810549
16107,229,0.698450536352801
16108,10,0.03308914824931711
16110,455,0.6093210586881473
16113,4,0.9158878504672897
16115,123,0.13478125969593546
16123,369,0.6912013536379019
16129,52,0.7439024390243902
16134,234,0.4752604166666667
16137,144,0.4826989619377163
16138,169,0.23257538309441422
16144,456,0.08331268582755204
16145,478,0.7486910994764397
16150,223,0.28435754189944135
16162,177,0.652093023255814
16162,284,0.5995475113122172
16167,483,0.5910780669144982
16168,435,0.4303030303030303
16172,414,0.7503987240829346
16172,126,0.6942148760330579
16176,36,0.5295670538542767
16178,376,0.2757379409647228
16181,176,0.7866306549628629
16184,16,0.37660599571734477
16184,66,0.7636526410026858
16190,468,0.35374149659863946
16191,80,0.5806111696522656
16193,191,0.60893470790378
16203,482,0.6736174070716229
16209,75,0.09088541666666666
16234,54,0.6013422818791946
16245,371,0.7981900452488688
16246,219,0.4548335974643423
16248,361,0.5532407407407407
16261,269,0.6931986931986932
16264,88,0.8216691068814056
16268,362,0.5639300134589502
16268,403,0.7472868217054264
16273,248,0.5558359621451104
16276,115,0.6617977528089888
16277,272,0.20007196833393306
16280,314,0.5626874625074985
16281,342,0.7146654851572884
16281,159,0.503448275862069
16287,87,0.1500156592546195
16293,65,0.5521472392638037
16295,72,0.8904656319290466
16297,261,0.6163655685441021
16301,79,0.7017699115044248
16303,200,0.7213459516298633
16306,121,0.6943907156673114
16310,119,0.43667658308542284
16312,0,0.6013639181649101
16313,28,0.6065969428801288
16316,275,0.5701198026779423
16328,452,0.140249877511024
16331,384,0.5265049415992812
16339,494,0.6930817610062893
16339,267,0.5900962861072903
16341,334,0.5090403337969402
16348,321,0.6084701815038893
16351,262,0.3473242392444911
16351,398,0.5287269996244837
16357,410,0.6097165991902834
16360,415,0.06803178484107579
16368,277,0.7360084477296727
16369,419,0.6305625524769102
16372,63,0.6876325088339222
16373,216,0.6625708884688091
16373,379,0.503030303030303
16379,304,0.7848244620611552
16381,330,0.6666666666666666
16392,90,0.534054054054054
16400,95,0.8284023668639053
16410,265,0.753099173553719
16412,199,0.7311661506707946
16416,416,0.7075242718446602
16420,402,0.7342047930283224
16426,83,0.42
16430,114,0.5116967722830915
16433,29,0.7053045186640472
16434,278,0.7469084913437758
16439,58,0.6100852272727273
16450,335,0.8034188034188035
16451,253,0.444672131147541
16473,92,0.6121024049650892
16478,206,0.574241617881852
16483,325,0.40927654609101516
16483,187,0.49645390070921985
16496,339,0.2889795918367347
16503,328,0.673202614379085
16507,67,0.6117602713908783
16518,257,0.3293347873500545
16520,333,0.8056516724336793
16520,236,0.5866885784716516
16536,437,0.6207773338176534
16541,84,0.6642857142857143
16550,47,0.6052150045745655
16550,147,0.5551763367463026
16553,346,0.5811715481171548
16568,60,0.6630804077010193
16568,470,0.7858407079646018
16572,381,0.6123207647371216
16580,182,0.5439114391143911
16591,243,0.5623145400593472
16592,351,0.5838509316770186
16601,139,0.0647551352328173
16607,365,0.7404761904761905
16617,405,0.6044678055190539
16621,297,0.2916213275299238
16621,173,0.6262626262626263
16633,427,0.29665851670741644
16634,106,0.7616858237547893
16638,281,0.6855263157894737
16638,186,0.8361408882082695
16650,145,0.649737302977233
16651,374,0.6519916142557652
16651,34,0.07298871496177649
16667,230,0.8283261802575107
16672,172,0.7102189781021898
16677,117,0.7279305354558611
16693,411,0.5082382762991128
16694,221,0.6329516539440203
16695,445,0.8048245614035088
16701,239,0.7391585760517799
16708,412,0.19211370930765703
16709,389,0.5198776758409785
16714,62,0.6982071713147411
16714,224,0.5242346938775511
16716,465,0.8496608892238131
16719,151,0.7512285012285013
16719,368,0.5976724854530341
16735,19,0.5233644859813084
16741,344,0.9116099614170466
16752,459,0.783342119135477
16752,14,0.5082284607938045
16759,27,0.6091661362189688
16774,213,0.7066929133858267
16774,174,0.8325461571489909
16780,444,0.7262334536702768
16782,359,0.5939565627950897
16785,334,0.6621621621621622
16788,336,0.18115055079559364
16789,434,0.6417748917748918
16804,104,0.6
16804,43,0.5917753259779338
16806,392,0.01547066523860526
16810,422,0.6292548298068077
16823,192,0.2552808988764045
16834,457,0.7281993204983013
16840,476,0.6520547945205479
16845,453,0.13190954773869346
16845,229,0.8319783197831978
16863,317,0.5452775073028238
16867,134,0.6147396293027361
16868,188,0.622869708631116
16875,423,0.5272422464375524
16882,425,0.524232633279483
16888,332,0.6511430990685859
16888,50,0.8397905759162304
16889,87,0.4119601328903654
16890,175,0.6158463385354142
16895,240,0.7206035379812695
16904,481,0.5477178423236515
16905,293,0.7591036414565826
16908,284,0.6876675603217158
16914,96,0.5457764289327264
16916,352,0.6841710427606902
16916,407,0.5245130960376091
16921,322,0.1340937296850068
16923,250,0.7427884615384616
16927,158,0.6097137901127494
16928,222,0.4944991314418066
16928,193,0.48996350364963503
16935,489,0.7682119205298014
16940,430,0.6392405063291139
16944,324,0.8254310344827587
16949,316,0.7694497153700189
16952,420,0.39561332250203085
16956,378,0.545531197301855
16956,495,0.35276532137518685
16963,190,0.3243421052631579
16971,20,0.3684759916492693
16977,379,0.5132450331125827
16980,136,0.7048249763481551
16984,450,0.7678132678132679
16989,299,0.534684333593141
16990,203,0.8584643848288621
16992,195,0.1865875912408759
16993,154,0.7780231916068471
16994,118,0.8938580799045915
17002,32,0.32476722532588453
17008,455,0.5679287305122495
17015,303,0.7060702875399361
17023,56,0.7074468085106383
17040,23,0.08392018779342723
17044,349,0.6778206778206778
17049,302,0.4143239625167336
17050,205,0.3986655546288574
17058,436,0.43629914277268694
17061,126,0.766029246344207
17062,176,0.6923950056753689
17063,467,0.5819881053525914
17066,251,0.25833593019632284
17068,377,0.6257161043921069
17070,16,0.5417607223476298
17075,0,0.4429882044560944
17076,337,0.640397857689365
17082,108,0.7099811676082862
17083,120,0.9061920652576937
17090,485,0.6069114470842333
17095,435,0.6062567421790723
17101,121,0.6855345911949685
17110,153,0.6878944348823867
17127,301,0.6035950804162725
17128,323,0.6471054718477399
17130,247,0.7531677648251394
17131,166,0.7343124165554072
17131,207,0.8019250253292807
17143,342,0.6252900232018561
17156,383,0.9726757747417527
17163,257,0.7162790697674418
17169,69,0.5810306198655714
17179,225,0.5170792854904419
17183,97,0.687614399023795
17188,399,0.5561108587005906
17191,449,0.6154210028382214
17200,209,0.029011627906976745
17201,105,0.31946594427244585
17201,238,0.6728813559322034
17208,362,0.6404255319148936
17209,194,0.1758606387391124
17213,441,0.7928338762214984
17213,307,0.31040564373897706
17215,432,0.49653739612188363
17224,406,0.4788391777509069
17224,259,0.6772997032640949
17235,41,0.2864394488759971
17248,380,0.26683826683826684
17253,5,0.8500897666068222
17253,77,0.44938380281690143
17259,339,0.5347313237221494
17260,109,0.5301689460981497
17267,483,0.6318181818181818
17271,110,0.6960378474275577
17278,416,0.7621809744779582
17284,469,0.8320449754040758
17287,498,0.6118472330475448
17295,277,0.56957928802589
17298,472,0.8466334164588528
17306,9,0.7074527252502781
17308,443,0.5745554035567716
17309,304,0.5634408602150538
17316,434,0.6755218216318786
17317,52,0.7011784511784511
17317,387,0.7786442711457708
17319,63,0.5807814149947201
17320,389,0.49918166939443537
17326,326,0.785039941902687
17331,452,0.5204386839481555
17339,127,0.6362777515351913
17341,321,0.581067472306143
17341,341,0.6783068783068783
17341,314,0.5805843543826579
17344,93,0.5766294773928362
17349,31,0.6483271375464684
17363,468,0.6504688832054561
17369,462,0.10910242385859865
17371,114,0.7343251859723698
17378,295,0.35025580480125934
17378,128,0.8503578399479506
17380,38,0.09366219169528567
17384,338,0.29859841560024375
17391,91,0.49932614555256066
17397,37,0.4517522006311244
17401,482,0.4674457429048414
17401,47,0.3337250293772033
17401,291,0.7277892561983471
17402,329,0.7050964868876793
17403,404,0.7032520325203252
17404,270,0.7299760191846523
17416,252,0.1731648878240035
17419,312,0.7765647743813683
17423,400,0.6804894629503739
17430,248,0.47450302506482284
17430,177,0.692429022082019
17440,254,0.362964989059081
17441,417,0.6946308724832215
17443,46,0.2532771535580524
17446,218,0.8595953402820355
17452,325,0.7358101135190919
17452,419,0.5614035087719298
17452,376,0.42229199372056514
17462,484,0.4352187238785177
17465,157,0.6179948586118252
17470,278,0.6737451737451737
17474,476,0.5725552050473186
17486,333,0.587991718426501
17490,466,0.726530612244898
17493,113,0.5903755868544601
17493,296,0.6165452653485952
17494,115,0.5582922824302134
17499,311,0.6504065040650406
17500,210,0.6672591539281906
17500,95,0.7018181818181818
17505,366,0.589086859688196
17508,147,0.44780793319415446
17511,475,0.37644201578627806
17512,267,0.5686274509803921
17514,73,0.22158469945355191
17516,300,0.8350556438791733
17517,359,0.6843537414965987
17518,234,0.7608381502890174
17526,64,0.7670157068062827
17528,440,0.16570669029685423
17536,272,0.7577442414614773
17545,123,0.5041958041958042
17549,451,0.4227405247813411
17565,84,0.44140625
17571,386,0.34419431279620855
17582,453,0.6309362279511533
17588,179,0.32127808988764045
17589,446,0.8236856080722251
17594,253,0.6911636045494314
17611,444,0.6642599277978339
17625,175,0.763265306122449
17626,129,0.2802786709539121
17631,265,0.5348075348075348
17639,117,0.6444906444906445
17642,142,0.22474857892435504
17642,457,0.6658415841584159
17644,139,0.548418024928092
17649,204,0.6758272574312956
17652,496,0.7108521485797523
17671,16,0.454242928452579
17674,29,0.4117647058823529
17675,410,0.5151745068285281
17690,369,0.6841097638800255
17693,280,0.6809787626962143
17696,231,0.5482646420824295
17698,158,0.7963683527885862
17699,236,0.6463104325699746
17706,8,0.5538194444444444
17720,285,0.276786843769766
17723,220,0.6094348659003831
17725,489,0.7721518987341772
17752,461,0.31154192966636607
17761,418,0.10248573757131214
17770,23,0.3315068493150685
17776,447,0.4899159663865546
17794,334,0.77998017839445
17795,180,0.4693221972373916
17801,55,0.7081659973226239
17815,404,0.8495145631067961
17821,50,0.62486602357985
17824,235,0.8349673202614379
17827,170,0.8404936014625228
17830,239,0.5181576616474757
17830,62,0.48118279569892475
17831,223,0.49791790600832836
17833,286,0.646070460704607
17836,297,0.6477366255144033
17842,136,0.734338747099768
17848,80,0.7670488835244418
17850,58,0.6555634301913537
17859,384,0.5242146596858639
17862,100,0.6100405679513184
17864,374,0.6034624896949712
17864,209,0.5737951807228916
17869,336,0.8242368177613321
17871,184,0.38584853510226647
17875,197,0.6793388429752066
17878,279,0.3980419152516445
17889,284,0.8756371049949032
17915,422,0.5809954751131222
17934,145,0.6409657320872274
17941,332,0.698005698005698
17961,42,0.5272373540856031
17964,214,0.4624226348364279
17965,119,0.5280966767371601
17965,368,0.5874799357945425
17979,132,0.09796784956020625
17991,467,0.6443965517241379
17999,364,0.20905553590378492
17999,198,0.7201315308732189
18009,356,0.008662335498917208
18021,151,0.5798771121351767
18030,314,0.8258345428156749
18043,377,0.7138461538461538
18045,107,0.4308712121212121
18049,206,0.6479949077021006
18050,322,0.5447298494242693
18056,124,0.6368118323746919
18060,343,0.49740932642487046
18064,5,0.48581997533908755
18071,347,0.12305330116253564
18076,300,0.5982142857142857
18088,302,0.8950914340712224
18093,191,0.5821052631578948
18095,17,0.8561956071280563
18102,430,0.7289156626506024
18107,380,0.8870779976717112
18116,328,0.6193428394296342
18118,443,0.5518518518518518
18118,308,0.1883297313985798
18123,133,0.08807733619763695
18129,211,0.27383268482490275
18155,316,0.6517412935323383
18181,59,0.38974358974358975
18191,408,0.8022203947368421
18193,98,0.673951048951049
18197,490,0.8236682400539447
18204,69,0.5748792270531401
18205,267,0.696969696969697
18233,436,0.6723404255319149
18234,387,0.579062159214831
18236,39,0.30710431654676257
18240,66,0.1921206225680934
18242,274,0.8830360846121941
18242,26,0.37395701643489254
18247,389,0.7152103559870551
18249,371,0.8522954091816367
18250,286,0.8033573141486811
18262,303,0.5693664795509222
18263,339,0.44123505976095617
18276,150,0.18825042881646656
18278,46,0.5197604790419161
18281,159,0.3465
18284,54,0.6429268292682927
18285,57,0.7442354368932039
18289,10,0.6189821182943603
18290,43,0.3183041722745626
18307,177,0.7936145952109465
18307,101,0.562242374278648
18312,294,0.381722989052832
18313,429,0.2827364032594277
18321,445,0.7527675276752768
18321,78,0.4892386765178285
18323,341,0.745417515274949
18324,219,0.6732435033686237
18330,362,0.7513368983957219
18350,0,0.6737254901960784
18351,134,0.8975741239892183
18355,79,0.6923076923076923
18357,109,0.7356426618049225
18358,398,0.6527154957648231
18359,405,0.6509758897818599
18360,373,0.37323177366702937
18361,203,0.5448577680525164
18362,333,0.730593607305936
18365,186,0.8343949044585988
18366,102,0.7468208092485549
18376,169,0.6840929401251117
18378,120,0.745945945945946
18378,70,0.15317112086158755
18379,392,0.480610298792117
18380,449,0.6543313708999159
18388,465,0.7589712918660287
18390,241,0.23838307517944843
18393,252,0.6960081883316275
18399,154,0.4046941678520626
18403,415,0.644640234948605
18413,86,0.043478260869565216
18413,479,0.024819421061206756
18427,105,0.5203915171288744
18427,300,0.8433048433048433
18432,364,0.8383371824480369
18432,53,0.16520182291666666
18432,36,0.5868794326241135
18442,483,0.614468085106383
18448,438,0.1744826276817923
18469,293,0.7135549872122762
18473,325,0.6464250734573947
18485,183,0.7447951645399598
18489,349,0.3875432525951557
18492,143,0.21835621591122814
18521,359,0.7440239043824701
18522,121,0.6530612244897959
18522,417,0.6003700277520814
18527,262,0.24310661764705882
18527,275,0.6734509271822705
18533,94,0.20633750921149593
18534,329,0.715547703180212
18542,292,0.3062953995157385
18563,460,0.5971128608923885
18574,478,0.583779333058872
18590,204,0.5494155154091392
18599,367,0.05984192698532179
18620,265,0.7209302325581395
18652,224,0.6135190918472653
18668,253,0.8435754189944135
18681,168,0.31158572264482154
18705,44,0.16244834710743802
18712,365,0.7615201900237529
18712,272,0.5977891156462585
18713,280,0.6029411764705882
18718,414,0.19520816967792615
18721,41,0.6978465679676985
18721,171,0.8092434501030321
18722,212,0.6363971945367294
18723,108,0.3930530164533821
18733,228,0.08457056944183425
18734,125,0.2009285530049007
18749,383,0.49591964846202136
18753,215,0.39025988207032103
18772,242,0.284298944647857
18773,301,0.4416767922235723
18776,394,0.35387376607837273
18783,163,0.0680353464886054
18788,321,0.5328265376641327
18792,75,0.851335656213705
18818,337,0.5700344431687715
18820,101,0.7621832358674464
18847,324,0.3468208092485549
18848,182,0.22663139329805995
18866,158,0.7046232876712328
18869,113,0.36555232558139533
18876,2,0.3355295265983407
18893,197,0.39783889980353637
18906,323,0.6484814398200225
18909,437,0.6523388116308471
18915,77,0.6077015643802648
18917,340,0.7989795918367347
18918,20,0.25115562403698
18927,435,0.6817685589519651
18927,214,0.7964693665628245
18929,347,0.8100233100233101
18941,50,0.575
18942,480,0.22793263646922182
18944,91,0.6265292981326465
18947,413,0.08275716472264738
18954,419,0.566577896138482
18971,375,0.48213874164554044
18983,298,0.32087840052441824
18984,209,0.4660714285714286
19000,479,0.4684838160136286
19020,499,0.2481470501037652
19027,485,0.2323180175529169
19031,384,0.7619453924914675
19033,118,0.3300637567435017
19036,207,0.620997375328084
19041,146,0.053200987343101726
19047,278,0.6169942929613189
19059,464,0.22766868448250405
19064,403,0.31223175965665234
19066,62,0.31472491909385114
19068,247,0.6713106295149639
19077,231,0.45908761766835626
19081,58,0.7148659626320065
19092,195,0.6457142857142857
19100,293,0.8415213946117274
19102,427,0.6844876468205752
19130,411,0.484612228149364
19133,251,0.7924528301886793
19133,452,0.6170921198668147
19147,491,0.14281269446172992
19153,240,0.7444641275465014
19158,380,0.489058039961941
19161,40,0.09503491078355314
19163,116,0.21296296296296297
19166,328,0.62
19172,16,0.6962025316455697
19172,434,0.7359913793103449
19182,190,0.5096890491212258
19189,314,0.8697152717860225
19199,281,0.7739164388910582
19204,355,0.31802023516543615
19207,234,0.5577264653641207
19208,104,0.6909317803660566
19214,349,0.6455172413793103
19218,97,0.27764127764127766
19231,57,0.6575052854122622
19251,134,0.62
19253,133,0.41150442477876104
19260,316,0.6470588235294118
19263,447,0.3349024882313383
19273,80,0.7424561403508771
19275,85,0.11263170643090711
19276,83,0.20210526315789473
19308,366,0.7587354409317804
19308,256,0.09367203447493763
19318,100,0.6023351648351648
19319,412,0.257372654155496
19326,299,0.28027385537013266
19327,173,0.34959349593495936
19334,69,0.6230088495575221
19356,237,0.15421574705517668
19364,166,0.8029556650246306
19380,151,0.6924208977189109
19381,66,0.5267309377738826
19383,415,0.9255102040816326
19395,443,0.8841033672670321
19400,233,0.7764705882352941
19401,145,0.6530334014996592
19403,152,0.3392563343205002
19408,90,0.6903183023872679
19414,369,0.6734338747099768
19416,277,0.6558227251296558
19417,404,0.3333333333333333
19435,149,0.14069591527987896
19442,387,0.7980132450331126
19447,344,0.1337767923133777
19452,285,0.6691685912240185
19461,438,0.47877591312931883
19470,30,0.3866153105440539
19479,4,0.08169934640522876
19486,42,0.599344262295082
19509,243,0.14667580534612748
19513,230,0.8229093464511595
19515,279,0.6854001221747098
19523,333,0.6804478897502153
19524,205,0.301535974130962
19530,109,0.5575447570332481
19534,236,0.626158038147139
19536,318,0.19445706497046797
19541,325,0.5692883895131086
19542,31,0.3342453260373917
19558,206,0.7203445990722332
19560,186,0.7732217573221757
19563,445,0.6892109500805152
19571,334,0.7090602138435566
19582,174,0.15847578347578348
19585,331,0.145793886935353
19597,373,0.3177041228779305
19598,72,0.4287011807447775
19606,467,0.41424148606811145
19633,278,0.7781569965870307
19646,483,0.7051495016611296
19648,361,0.21735294117647058
19648,319,0.13982050070854984
19669,417,0.8421970357454228
19689,87,0.8160714285714286
19696,147,0.24817184643510054
19708,69,0.7540106951871658
19717,284,0.37800875273522977
19724,54,0.6125
19735,297,0.7319641916798315
19740,201,0.030749746707193517
19741,378,0.8086175942549372
19751,159,0.7680272108843538
19764,444,0.6098467254993033
19800,102,0.36750348675034866
19813,335,0.24561403508771928
19822,50,0.4778660612939841
19826,280,0.7088948787061995
19887,272,0.6519148936170213
19890,93,0.7191673212882954
19894,296,0.5972511453561016
19895,217,0.10374465946217643
19934,203,0.6077558804831532
19948,123,0.8135663753641281
19954,456,0.7015748031496063
19978,124,0.6347554630593132
19985,241,0.39373040752351096
19992,359,0.6036709721278042
19995,322,0.6544987146529563
20020,460,0.5648592999313659
20021,96,0.21853878339233987
20024,275,0.7655310621242485
20032,155,0.14360262852725164
20040,187,0.22687658138881078
20052,168,0.6323851203501094
20063,499,0.825503355704698
20065,384,0.4816247582205029
20069,23,0.8116572422792518
20122,462,0.8038503450780966
20130,267,0.7174025974025974
20135,212,0.7657466383581033
20167,357,0.5792880258899676
20172,287,0.02052349791790601
20174,240,0.6356513222331048
20182,285,0.7698630136986301
20186,221,0.15664375715922108
20207,316,0.6135163674762407
20209,53,0.6601012943162634
20219,75,0.6426068675543097
20219,207,0.6897717666948436
20223,392,0.7651843817787418
20251,134,0.795
20261,140,0.10685553526479444
20286,265,0.6536614645858343
20292,247,0.6405228758169934
20298,470,0.3557640750670241
20306,139,0.8459804658151766
20336,352,0.158187134502924
20337,69,0.7488076311605724
20345,366,0.6133076181292189
20348,476,0.6214335421016005
20383,169,0.6831091180866966
20402,364,0.3700507614213198
20414,440,0.18295218295218296
20415,35,0.24463962800309996
20424,350,0.3078628436299143
20438,413,0.7598926894701542
20438,213,0.162117903930131
20452,369,0.47398843930635837
20465,418,0.540310650887574
20472,441,0.17244553544031913
20478,468,0.7781701444622793
20516,261,0.1369992889310263
20579,101,0.7015349630471859
20605,77,0.7230769230769231
20625,75,0.6724137931034483
20638,100,0.5962121212121212
20648,26,0.6853699085619285
20697,319,0.30219256434699715
20702,86,0.527304499781564
20706,452,0.7253655435473617
20710,98,0.8112832737385777
20729,16,0.6204238921001927
20752,163,0.5967496190959878
20781,203,0.5242030696576151
20800,230,0.5439005439005439
20826,60,0.09347111319868483
20857,146,0.5622246696035242
20911,25,0.053464683659318064
20917,408,0.3954512105649303
20948,80,0.5916417910447761
20974,459,0.0994789199431549
20980,309,0.058388941849380364
20994,211,0.15253054101221641
20998,287,0.28692493946731235
21002,445,0.41834607366226545
21036,346,0.1204550524202543
21037,479,0.6632302405498282
21070,18,0.305503266526409
21099,267,0.739938080495356
21104,425,0.21032685930838466
21106,242,0.3196229648671808
21124,140,0.4704519119351101
21150,228,0.17418287132809268
21154,308,0.19598155467720685
21172,294,0.2562937062937063
21231,499,0.571917808219178
21245,245,0.07446457990115321
21291,53,0.8484288354898336
21299,387,0.678513731825525
21306,54,0.45195954487989887
21328,443,0.5100879461976203
21357,318,0.26798462383305877
21369,336,0.11714285714285715
21393,12,0.14506059493206022
21459,123,0.685638649900728
21502,392,0.6247068021892104
21505,48,0.06994818652849741
21568,305,0.12353217472992015
21572,468,0.4524680073126143
21581,415,0.6364877161055505
21587,87,0.7070600632244468
21601,192,0.08999581414817916
21623,207,0.26638176638176636
21639,101,0.7292452830188679
21685,86,0.8179043743641913
21689,23,0.5907407407407408
21694,322,0.3225426721600942
21750,483,0.3303231939163498
21766,465,0.11930136175251628
21766,287,0.4674479166666667
21785,224,0.1832109798914778
21823,104,0.15296367112810708
21830,248,0.14386363636363636
21854,212,0.38627108784176845
21872,274,0.1369146005509642
21881,456,0.5132330046704723
21902,357,0.5706051873198847
21936,418,0.6274643099932019
21964,368,0.11727931982995748
21974,356,0.737452711223203
21983,462,0.6861902203116604
22025,367,0.6223000583771162
22091,132,0.08073929961089495
22147,138,0.06514710636922082
22165,237,0.6347454610181559
22227,255,0.06595581949880776
22232,70,0.7174364296834458
22259,260,0.02048609551192776
22268,209,0.889768574908648
22274,121,0.18523454157782515
22328,38,0.1505658852061439
22363,2,0.14797820476053913
22371,413,0.7589239524055872
22381,331,0.17417739628040058
22383,366,0.3351324828263003
22410,43,0.15
22430,227,0.13009362460989746
22450,75,0.8339726027397261
22453,57,0.303227808814401
22464,417,0.3033989266547406
22492,277,0.23016905071521457
22496,85,0.7258615336851909
22560,4,0.16845180136319376
22560,479,0.6605384110308602
22643,32,0.061336642439283814
22644,55,0.10055750567829858
22669,181,0.1478405315614618
22688,11,0.12627820874471085
22690,334,0.21000320615581916
22702,455,0.101159114857745
22703,435,0.16340042372881355
22726,217,0.8491699046273402
22762,371,0.14048304896964325
22795,458,0.07490847648549705
22801,391,0.08257616247995724
22823,34,0.2255346727154893
22856,98,0.4790307548928239
22932,488,0.18373372701650786
22960,58,0.14591389533384894
22994,13,0.09663390449682525
23030,285,0.20786516853932585
23046,245,0.7301499167129373
23066,327,0.08371629237839244
23067,418,0.6755083996463307
23068,143,0.12893356643356643
23142,186,0.1800670016750419
23155,195,0.14422840265813439
23176,85,0.7102941176470589
23212,392,0.7222222222222222
23222,146,0.7661733615221987
23241,382,0.12004646960113592
23256,1,0.06970244238046096
23376,399,0.0989010989010989
23420,145,0.1298830554864394
23434,393,0.10672527097379875
23440,413,0.6641721234798877
23504,479,0.6991525423728814
23508,69,0.1781772311573636
23513,255,0.6485225505443235
23548,428,0.11882918304936653
23656,217,0.8182795698924731
23742,323,0.11910669975186104
23751,142,0.058929448354886234
23763,367,0.4660529344073648
23788,139,0.3897185525560023
23789,473,0.10622556643826979
23812,24,0.019863934150848313
23813,230,0.1762363093262529
23820,34,0.8004012036108324
23850,396,0.07802948579647609
23853,86,0.7043357933579336
23865,138,0.3265424912689173
23878,372,0.06059971521903007
23917,181,0.8645833333333334
23927,309,0.8527315914489311
23957,210,0.07108564348768778
23981,43,0.3049013367281986
24013,140,0.7372793354101765
24093,163,0.504340017958695
24126,381,0.08432618480275351
24252,25,0.637832984136486
24252,245,0.75787728026534
24331,390,0.046829622458857696
24368,482,0.06186306875269126
24402,387,0.15178859168546568
24448,126,0.15094084201976446
24451,266,0.04318841765162979
24485,287,0.78742184626701
24700,249,0.06387943607194944
24708,272,0.11055797552375025
24778,160,0.04466403162055336
24778,479,0.5792778649921507
24783,332,0.08389359836305174
24785,138,0.375
24823,11,0.6117096018735363
24863,185,0.10413000724562675
24864,100,0.10198769522006626
24875,65,0.06420414821719879
24880,132,0.13553244890641808
24923,85,0.7160847166571265
24963,268,0.08673584480036092
25095,393,0.674894641782059
25112,258,0.09835935011150047
25120,146,0.27344573234984193
25288,340,0.15272327735049443
25310,115,0.07088024564994883
25315,23,0.18670711527854386
25354,356,0.514792899408284
25355,196,0.11224610530467363
25360,181,0.7706167706167706
25374,385,0.17381375285460543
25396,260,0.5926043991074275
25405,227,0.8628571428571429
25420,382,0.7329050022946305
25423,309,0.18516042780748662
25556,266,0.8733031674208145
25683,255,0.7686635944700461
25698,202,0.09191013722886233
25774,310,0.08776286179871189
25869,360,0.06571572151996598
25870,245,0.7985166872682324
25882,24,0.5449275362318841
25991,288,0.08329806471470894
26012,11,0.6619007569386038
26024,26,0.08984375
26065,13,0.6437642461738847
26069,25,0.7947165657677491
26118,45,0.08262500957194271
26127,250,0.04563233376792699
26171,473,0.7044500419815282
26251,317,0.06913080528334044
26361,385,0.7396149949341438
26377,490,0.09914425427872861
26401,393,0.5551301684532925
26417,34,0.22949557181363112
26475,144,0.05165409170052235
26480,287,0.7884711779448621
26504,120,0.11604725572237264
26544,28,0.05874303587137132
26663,17,0.0846171802054155
26689,439,0.08085728202630298
26750,260,0.5967503692762186
26798,61,0.0939450160229381
26807,372,0.8228064185728917
26872,208,0.11900863352188151
26874,266,0.5644916540212443
26921,47,0.12142857142857143
27074,385,0.6760168302945302
27235,160,0.5388685388685389
27270,233,0.0940279542566709
27415,245,0.23883495145631067
27612,288,0.5965453423812461
27676,196,0.6501507970702284
27808,255,0.36470588235294116
27848,287,0.36403508771929827
27888,260,0.7144112478031635
27905,307,0.042555181444070334
28058,160,0.6257594167679222
28151,310,0.8127892301220025
28257,309,0.33980239943542695
28418,372,0.6250775915580384
28461,45,0.784037558685446
28510,439,0.6990664470071389
28653,310,0.7589641434262948
28718,288,0.6772151898734177
28783,353,0.08209707118785395
28824,24,0.6934058463630184
28827,252,0.029806402146827678
28854,208,0.9717457114026236
28932,37,0.03606415257910706
28963,209,0.08737864077669903
29072,157,0.036012750926165245
29208,401,0.048624058468193
29437,439,0.5760517799352751
29502,266,0.8774733637747336
29540,496,0.042143337819650066
29566,446,0.056191032812891374
29608,21,0.04593353147797893
29764,433,0.06743045289611611
29772,25,0.15095868214960842
29888,130,0.06872323340471093
29963,316,0.055965559655596554
30075,106,0.05639461349601964
30110,206,0.03231614859742229
30143,473,0.12638469284994966
30176,486,0.038228667980850464
30260,286,0.05120732722731058
30292,319,0.047316310578426266
30309,353,0.6035386631716907
30376,288,0.3884197828709288
30437,429,0.058644011877268226
30486,29,0.03129878239150796
30518,21,0.5659340659340659
30783,379,0.05157178038533971
30796,45,0.7160599571734475
30882,130,0.6297786720321932
30985,24,0.3206848681166127
31027,433,0.5637371338083927
31424,476,0.039815817984832066
31507,52,0.02762508809020437
31626,140,0.06856692499671614
31697,353,0.6354466858789626
31809,310,0.19803548795944234
31922,71,0.06578535179500031
31946,246,0.11823104693140794
31988,419,0.030919134571121682
32018,395,0.027890561559122992
32076,89,0.0442698590846739
32203,439,0.6579898770788142
32208,178,0.06957898658718331
32230,130,0.537833827893175
32262,63,0.03888108144281603
32267,243,0.034409782097507446
32301,171,0.037334315169366715
32399,391,0.057824546780579286
32486,433,0.7340644276901988
32619,21,0.800571156592099
32809,89,0.47066848567530695
32828,51,0.045936395759717315
32898,167,0.02597835137385512
32997,81,0.08521986847289148
33486,433,0.684
33541,21,0.6887201735357917
33650,246,0.6167840375586855
33723,197,0.027376938637896156
33735,388,0.11237225483800826
33807,68,0.07900414221608561
34157,130,0.7337830825116762
34333,178,0.8037647058823529
34393,217,0.05215609574369005
34514,167,0.47339108910891087
34540,71,0.7757830404889229
34601,21,0.5839622641509434
34665,68,0.5606060606060606
34810,51,0.805247225025227
34854,247,0.029666254635352288
34869,191,0.042441583214115404
34957,89,0.7690875232774674
35265,264,0.065872678292925
35481,378,0.028271918678526048
35602,178,0.661150512214342
35806,95,0.024363596634983067
35975,81,0.6873740765614507
36050,71,0.3609271523178808
36094,51,0.6308411214953271
36156,395,0.6776220396326728
36406,103,0.04488271164093831
36495,89,0.540962288686606
36654,253,0.026743022350717224
36780,133,0.02219432874992868
37069,264,0.6014412416851441
37183,51,0.6492194674012856
37615,215,0.019032976354575338
37743,395,0.6250787649653434
37809,356,0.03500602167804095
37999,68,0.16256748650269945
38214,492,0.05838174491024232
38354,160,0.05371017871017871
38454,338,0.024679639297579496
38521,182,0.02084074620037615
38541,264,0.5088315217391305
39084,297,0.02847692387203473
39138,424,0.05776994225560836
39139,213,0.02839420351852842
39291,103,0.7909878682842287
39316,135,0.009716146098280599
39390,385,0.03385839558298149
39535,162,0.05949158973061844
39658,3,0.0052700590044883755
40061,492,0.7655657823497564
40181,103,0.7595505617977528
40202,424,0.6259398496240601
40376,234,0.022060560253200436
40443,187,0.015487918443366172
40602,358,0.06869119747795675
40889,492,0.7367149758454107
41093,431,0.017596994326023616
41151,235,0.022163158571612294
41274,3,0.47277227722772275
41506,162,0.8148148148148148
41577,354,0.03182534496675251
41698,135,0.570528967254408
41715,492,0.8801452784503632
41767,451,0.016475348914030886
41825,128,0.02380660203705976
41878,424,0.6939140811455847
41914,358,0.6844512195121951
41936,176,0.019176650317600706
42233,3,0.7778936392075079
42267,162,0.7424441524310118
42659,300,0.018446682073291514
43071,394,0.022226795636962338
43469,131,0.05157698589799627
43567,130,0.04899043570669501
43663,175,0.01570781165988171
43739,358,0.4093150684931507
44050,395,0.08165530363088631
44197,135,0.8427370948379351
44275,232,0.02126345745966118
44512,131,0.763183125599233
44603,162,0.2011986301369863
44813,3,0.6391472868217054
45319,165,0.08515261603232269
45463,244,0.08562927044302403
45980,232,0.6791788856304986
46113,313,0.03545958232703509
46426,407,0.014672992206031854
49506,315,0.0557912172261948
51217,474,0.051740632992951556
